<?xml version="1.0" encoding="UTF-8"?>
<questestinterop>
 <assessment title="QuizExport" ident="A1001">
   <section title="Main" ident="S1001">
     <item ident="CfEU5UiEEeymwBIBxhJCQw" coursera_id="CfEU5UiEEeymwBIBxhJCQw">
 <presentation>
  <material> 
   <mattext texttype="text/html"><![CDATA[<p>T​he classification threshold t should be chosen in a way that is:</p>]]> 
   </mattext> 
  </material>
  <response_lid ident="CfEU5UiEEeymwBIBxhJCQw_RC" rcardinality="Single">
   <render_choice>
    <response_label ident="0.881437075376862" coursera_id="0.881437075376862">
     <material> 
      <mattext texttype="text/html"><![CDATA[<p>c​ontext specific, depending on the relative severity of false positive and false negative results</p>]]> 
      </mattext> 
     </material>
    </response_label>
    <response_label ident="0.6360386843198027" coursera_id="0.6360386843198027">
     <material> 
      <mattext texttype="text/html"><![CDATA[<p>algorithm specific, depending on the relative severity of false positive and false negative results</p>]]> 
      </mattext> 
     </material>
    </response_label>
   </render_choice>
  </response_lid>
 </presentation>
 <resprocessing>
  <outcomes>
   <decvar vartype="Integer" defaultval="0" varname="que_score"></decvar>
  </outcomes>
  <respcondition>
   <conditionvar>
    <varequal respident="CfEU5UiEEeymwBIBxhJCQw_RC">
     0.881437075376862
    </varequal>
   </conditionvar>
   <setvar varname="que_score">
    1
   </setvar>
   <displayfeedback feedbackType="Response" linkrefid="0.881437075376862_FB"></displayfeedback>
  </respcondition>
  <respcondition>
   <conditionvar>
    <varequal respident="CfEU5UiEEeymwBIBxhJCQw_RC">
     0.6360386843198027
    </varequal>
   </conditionvar>
   <setvar varname="que_score">
    0
   </setvar>
   <displayfeedback feedbackType="Response" linkrefid="0.6360386843198027_FB"></displayfeedback>
  </respcondition>
 </resprocessing>
 <itemfeedback ident="0.881437075376862_FB">
  <material> 
   <mattext texttype="text/html"><![CDATA[<p>C​orrect! The context of a classification problem is what determines our preferences between false positive and false negative results.</p>]]> 
   </mattext> 
  </material>
 </itemfeedback>
 <itemfeedback ident="0.6360386843198027_FB">
  <material> 
   <mattext texttype="text/html"><![CDATA[<p>It is not the particular classifier that we use, but rather the context of the classification problem determines our preferences between false positive and false negative results.</p>]]> 
   </mattext> 
  </material>
 </itemfeedback>
</item>
<item ident="vgJ9yUiEEey0gA6DbIBirQ" coursera_id="vgJ9yUiEEey0gA6DbIBirQ">
 <presentation>
  <material> 
   <mattext texttype="text/html"><![CDATA[<p>True or False: T​PR = TP / (TP + FN) = 1 - FNR</p>]]> 
   </mattext> 
  </material>
  <response_lid ident="vgJ9yUiEEey0gA6DbIBirQ_RC" rcardinality="Single">
   <render_choice>
    <response_label ident="0.035693631712424456" coursera_id="0.035693631712424456">
     <material> 
      <mattext texttype="text/html"><![CDATA[<p>T​rue</p>]]> 
      </mattext> 
     </material>
    </response_label>
    <response_label ident="0.6077971224068396" coursera_id="0.6077971224068396">
     <material> 
      <mattext texttype="text/html"><![CDATA[<p>F​alse</p>]]> 
      </mattext> 
     </material>
    </response_label>
   </render_choice>
  </response_lid>
 </presentation>
 <resprocessing>
  <outcomes>
   <decvar vartype="Integer" defaultval="0" varname="que_score"></decvar>
  </outcomes>
  <respcondition>
   <conditionvar>
    <varequal respident="vgJ9yUiEEey0gA6DbIBirQ_RC">
     0.035693631712424456
    </varequal>
   </conditionvar>
   <setvar varname="que_score">
    1
   </setvar>
   <displayfeedback feedbackType="Response" linkrefid="0.035693631712424456_FB"></displayfeedback>
  </respcondition>
  <respcondition>
   <conditionvar>
    <varequal respident="vgJ9yUiEEey0gA6DbIBirQ_RC">
     0.6077971224068396
    </varequal>
   </conditionvar>
   <setvar varname="que_score">
    0
   </setvar>
   <displayfeedback feedbackType="Response" linkrefid="0.6077971224068396_FB"></displayfeedback>
  </respcondition>
 </resprocessing>
 <itemfeedback ident="0.035693631712424456_FB">
  <material></material>
 </itemfeedback>
 <itemfeedback ident="0.6077971224068396_FB">
  <material></material>
 </itemfeedback>
</item>
<item ident="Q5RepkiFEeymwBIBxhJCQw" coursera_id="Q5RepkiFEeymwBIBxhJCQw">
 <presentation>
  <material> 
   <mattext texttype="text/html"><![CDATA[<p>S​ensitivity and Specificity extend the idea of False Positive and False Negative counts to:</p>]]> 
   </mattext> 
  </material>
  <response_lid ident="Q5RepkiFEeymwBIBxhJCQw_RC" rcardinality="Single">
   <render_choice>
    <response_label ident="0.20548790349854995" coursera_id="0.20548790349854995">
     <material> 
      <mattext texttype="text/html"><![CDATA[<p>W​hen the number of truly postive and negative cases are very different</p>]]> 
      </mattext> 
     </material>
    </response_label>
    <response_label ident="0.784920876322614" coursera_id="0.784920876322614">
     <material> 
      <mattext texttype="text/html"><![CDATA[<p>W​hen the number of positive and negative predictions are very different</p>]]> 
      </mattext> 
     </material>
    </response_label>
   </render_choice>
  </response_lid>
 </presentation>
 <resprocessing>
  <outcomes>
   <decvar vartype="Integer" defaultval="0" varname="que_score"></decvar>
  </outcomes>
  <respcondition>
   <conditionvar>
    <varequal respident="Q5RepkiFEeymwBIBxhJCQw_RC">
     0.20548790349854995
    </varequal>
   </conditionvar>
   <setvar varname="que_score">
    1
   </setvar>
   <displayfeedback feedbackType="Response" linkrefid="0.20548790349854995_FB"></displayfeedback>
  </respcondition>
  <respcondition>
   <conditionvar>
    <varequal respident="Q5RepkiFEeymwBIBxhJCQw_RC">
     0.784920876322614
    </varequal>
   </conditionvar>
   <setvar varname="que_score">
    0
   </setvar>
   <displayfeedback feedbackType="Response" linkrefid="0.784920876322614_FB"></displayfeedback>
  </respcondition>
 </resprocessing>
 <itemfeedback ident="0.20548790349854995_FB">
  <material> 
   <mattext texttype="text/html"><![CDATA[<p>C​orrect! Imbalanced groups can makea direct comparison of False Positve and False Negative counts misleading.</p>]]> 
   </mattext> 
  </material>
 </itemfeedback>
 <itemfeedback ident="0.784920876322614_FB">
  <material> 
   <mattext texttype="text/html"><![CDATA[<p>It is an imbalance of group sizes in the real positive/negative status which sensitivity and specificity account for. </p>]]> 
   </mattext> 
  </material>
 </itemfeedback>
</item>
<item ident="mHqvKUiFEeymwBIBxhJCQw" coursera_id="mHqvKUiFEeymwBIBxhJCQw">
 <presentation>
  <material> 
   <mattext texttype="text/html"><![CDATA[<p>W​hich of the following fairness requirements were introduced?</p>]]> 
   </mattext> 
  </material>
  <response_lid ident="mHqvKUiFEeymwBIBxhJCQw_RC" rcardinality="Multiple">
   <render_choice>
    <response_label ident="0.3741460655780805" coursera_id="0.3741460655780805">
     <material> 
      <mattext texttype="text/html"><![CDATA[<p>E​qual Opportunity</p>]]> 
      </mattext> 
     </material>
    </response_label>
    <response_label ident="0.6152011365097206" coursera_id="0.6152011365097206">
     <material> 
      <mattext texttype="text/html"><![CDATA[<p>E​qual Opportunity Cost</p>]]> 
      </mattext> 
     </material>
    </response_label>
    <response_label ident="0.20231856406186166" coursera_id="0.20231856406186166">
     <material> 
      <mattext texttype="text/html"><![CDATA[<p>P​redictive Equality</p>]]> 
      </mattext> 
     </material>
    </response_label>
    <response_label ident="0.6270893680784978" coursera_id="0.6270893680784978">
     <material> 
      <mattext texttype="text/html"><![CDATA[<p>E​qualised Odds</p>]]> 
      </mattext> 
     </material>
    </response_label>
   </render_choice>
  </response_lid>
 </presentation>
 <resprocessing>
  <outcomes>
   <decvar vartype="Integer" defaultval="0" varname="que_score"></decvar>
  </outcomes>
  <respcondition>
   <conditionvar>
    <varequal respident="mHqvKUiFEeymwBIBxhJCQw_RC">
     0.3741460655780805
    </varequal>
   </conditionvar>
   <setvar varname="que_score">
    1
   </setvar>
   <displayfeedback feedbackType="Response" linkrefid="0.3741460655780805_FB"></displayfeedback>
  </respcondition>
  <respcondition>
   <conditionvar>
    <varequal respident="mHqvKUiFEeymwBIBxhJCQw_RC">
     0.6152011365097206
    </varequal>
   </conditionvar>
   <setvar varname="que_score">
    0
   </setvar>
   <displayfeedback feedbackType="Response" linkrefid="0.6152011365097206_FB"></displayfeedback>
  </respcondition>
  <respcondition>
   <conditionvar>
    <varequal respident="mHqvKUiFEeymwBIBxhJCQw_RC">
     0.20231856406186166
    </varequal>
   </conditionvar>
   <setvar varname="que_score">
    1
   </setvar>
   <displayfeedback feedbackType="Response" linkrefid="0.20231856406186166_FB"></displayfeedback>
  </respcondition>
  <respcondition>
   <conditionvar>
    <varequal respident="mHqvKUiFEeymwBIBxhJCQw_RC">
     0.6270893680784978
    </varequal>
   </conditionvar>
   <setvar varname="que_score">
    1
   </setvar>
   <displayfeedback feedbackType="Response" linkrefid="0.6270893680784978_FB"></displayfeedback>
  </respcondition>
 </resprocessing>
 <itemfeedback ident="0.3741460655780805_FB">
  <material> 
   <mattext texttype="text/html"><![CDATA[<p>C​orrect! This requires the false negative rate to be the same in both/all groups.</p>]]> 
   </mattext> 
  </material>
 </itemfeedback>
 <itemfeedback ident="0.6152011365097206_FB">
  <material> 
   <mattext texttype="text/html"><![CDATA[<p>I​ncorrect, the fourth fairness metric was error parity. This requires the error rate be the same in both/all groups.</p>]]> 
   </mattext> 
  </material>
 </itemfeedback>
 <itemfeedback ident="0.20231856406186166_FB">
  <material> 
   <mattext texttype="text/html"><![CDATA[<p>C​orrect! This requires the false positive rates to be the same in both/all groups.</p>]]> 
   </mattext> 
  </material>
 </itemfeedback>
 <itemfeedback ident="0.6270893680784978_FB">
  <material> 
   <mattext texttype="text/html"><![CDATA[<p>C​orrect! This requires <strong>both</strong> the false negative rate and the true positive rate to be equal in both/all groups.</p>]]> 
   </mattext> 
  </material>
 </itemfeedback>
</item>
   </section>
 </assessment>
</questestinterop>
      