<?xml version="1.0" encoding="UTF-8"?>
<questestinterop>
 <assessment title="QuizExport" ident="A1001">
   <section title="Main" ident="S1001">
     <item ident="hDciHCwPEey6WA6F6FrkSw" coursera_id="hDciHCwPEey6WA6F6FrkSw">
 <presentation>
  <material> 
   <mattext texttype="text/html"><![CDATA[<p>Gender biases were previously shown to exist in the Word2Vec embedding by which paper? </p>]]> 
   </mattext> 
  </material>
  <response_lid ident="hDciHCwPEey6WA6F6FrkSw_RC" rcardinality="Single">
   <render_choice>
    <response_label ident="0.6392307440354412" coursera_id="0.6392307440354412">
     <material> 
      <mattext texttype="text/html"><![CDATA[<p>Angwin et al. (2016)</p>]]> 
      </mattext> 
     </material>
    </response_label>
    <response_label ident="0.3806283675001858" coursera_id="0.3806283675001858">
     <material> 
      <mattext texttype="text/html"><![CDATA[<p>Bolukbasi et al. (2016)</p>]]> 
      </mattext> 
     </material>
    </response_label>
    <response_label ident="0.3930967789164713" coursera_id="0.3930967789164713">
     <material> 
      <mattext texttype="text/html"><![CDATA[<p>Caliskan et al. (2017)</p>]]> 
      </mattext> 
     </material>
    </response_label>
    <response_label ident="0.7555519935913757" coursera_id="0.7555519935913757">
     <material> 
      <mattext texttype="text/html"><![CDATA[<p>Dehghan et al. (2017) </p>]]> 
      </mattext> 
     </material>
    </response_label>
   </render_choice>
  </response_lid>
 </presentation>
 <resprocessing>
  <outcomes>
   <decvar vartype="Integer" defaultval="0" varname="que_score"></decvar>
  </outcomes>
  <respcondition>
   <conditionvar>
    <varequal respident="hDciHCwPEey6WA6F6FrkSw_RC">
     0.6392307440354412
    </varequal>
   </conditionvar>
   <setvar varname="que_score">
    0
   </setvar>
   <displayfeedback feedbackType="Response" linkrefid="0.6392307440354412_FB"></displayfeedback>
  </respcondition>
  <respcondition>
   <conditionvar>
    <varequal respident="hDciHCwPEey6WA6F6FrkSw_RC">
     0.3806283675001858
    </varequal>
   </conditionvar>
   <setvar varname="que_score">
    1
   </setvar>
   <displayfeedback feedbackType="Response" linkrefid="0.3806283675001858_FB"></displayfeedback>
  </respcondition>
  <respcondition>
   <conditionvar>
    <varequal respident="hDciHCwPEey6WA6F6FrkSw_RC">
     0.3930967789164713
    </varequal>
   </conditionvar>
   <setvar varname="que_score">
    0
   </setvar>
   <displayfeedback feedbackType="Response" linkrefid="0.3930967789164713_FB"></displayfeedback>
  </respcondition>
  <respcondition>
   <conditionvar>
    <varequal respident="hDciHCwPEey6WA6F6FrkSw_RC">
     0.7555519935913757
    </varequal>
   </conditionvar>
   <setvar varname="que_score">
    0
   </setvar>
   <displayfeedback feedbackType="Response" linkrefid="0.7555519935913757_FB"></displayfeedback>
  </respcondition>
 </resprocessing>
 <itemfeedback ident="0.6392307440354412_FB">
  <material></material>
 </itemfeedback>
 <itemfeedback ident="0.3806283675001858_FB">
  <material></material>
 </itemfeedback>
 <itemfeedback ident="0.3930967789164713_FB">
  <material></material>
 </itemfeedback>
 <itemfeedback ident="0.7555519935913757_FB">
  <material></material>
 </itemfeedback>
</item>
<item ident="CPOKtiwQEey6WA6F6FrkSw" coursera_id="CPOKtiwQEey6WA6F6FrkSw">
 <presentation>
  <material> 
   <mattext texttype="text/html"><![CDATA[<p>What is the name of the phenotypically balanced data set that is provided by this paper?</p>]]> 
   </mattext> 
  </material>
  <response_str ident="CPOKtiwQEey6WA6F6FrkSw_RC">
   <render_fib fibtype="String" prompt="Box">
    <response_label ident="CPOKtiwQEey6WA6F6FrkSw_ANS"></response_label>
   </render_fib>
  </response_str>
 </presentation>
 <resprocessing>
  <outcomes>
   <decvar vartype="Integer" defaultval="0" varname="que_score"></decvar>
  </outcomes>
  <respcondition coursera_id="0.9798004849638791">
   <conditionvar>
    <varequal respident="CPOKtiwQEey6WA6F6FrkSw_RC">
     The Pilot Parliaments Benchmark 
    </varequal>
   </conditionvar>
   <setvar varname="que_score">
    1
   </setvar>
   <displayfeedback feedbackType="Response" linkrefid="0.9798004849638791_FB"></displayfeedback>
  </respcondition>
  <respcondition coursera_id="0.4004038833250655">
   <conditionvar>
    <varequal respident="CPOKtiwQEey6WA6F6FrkSw_RC">
     Pilot Parliaments Benchmark 
    </varequal>
   </conditionvar>
   <setvar varname="que_score">
    1
   </setvar>
   <displayfeedback feedbackType="Response" linkrefid="0.4004038833250655_FB"></displayfeedback>
  </respcondition>
  <respcondition coursera_id="0.4727976220702812">
   <conditionvar>
    <varequal respident="CPOKtiwQEey6WA6F6FrkSw_RC">
     PPB
    </varequal>
   </conditionvar>
   <setvar varname="que_score">
    1
   </setvar>
   <displayfeedback feedbackType="Response" linkrefid="0.4727976220702812_FB"></displayfeedback>
  </respcondition>
  <respcondition>
   <conditionvar>
    <other></other>
   </conditionvar>
   <displayfeedback feedbackType="Response" linkrefid="CPOKtiwQEey6WA6F6FrkSw_FB"></displayfeedback>
  </respcondition>
 </resprocessing>
 <itemfeedback ident="0.9798004849638791_FB">
  <material></material>
 </itemfeedback>
 <itemfeedback ident="0.4004038833250655_FB">
  <material></material>
 </itemfeedback>
 <itemfeedback ident="0.4727976220702812_FB">
  <material></material>
 </itemfeedback>
 <itemfeedback ident="CPOKtiwQEey6WA6F6FrkSw_FB">
  <material></material>
 </itemfeedback>
</item>
<item ident="YK9paCwQEey6WA6F6FrkSw" coursera_id="YK9paCwQEey6WA6F6FrkSw">
 <presentation>
  <material> 
   <mattext texttype="text/html"><![CDATA[<p>Gender classification accuracy is evaluted using intersectional subgroups of:</p>]]> 
   </mattext> 
  </material>
  <response_lid ident="YK9paCwQEey6WA6F6FrkSw_RC" rcardinality="Single">
   <render_choice>
    <response_label ident="0.42792532929010496" coursera_id="0.42792532929010496">
     <material> 
      <mattext texttype="text/html"><![CDATA[<p>Gender and Ethnicity</p>]]> 
      </mattext> 
     </material>
    </response_label>
    <response_label ident="0.8869635205321003" coursera_id="0.8869635205321003">
     <material> 
      <mattext texttype="text/html"><![CDATA[<p>Gender and Nationality</p>]]> 
      </mattext> 
     </material>
    </response_label>
    <response_label ident="0.30674256929608756" coursera_id="0.30674256929608756">
     <material> 
      <mattext texttype="text/html"><![CDATA[<p>Gender and Race</p>]]> 
      </mattext> 
     </material>
    </response_label>
    <response_label ident="0.40632551374932646" coursera_id="0.40632551374932646">
     <material> 
      <mattext texttype="text/html"><![CDATA[<p>Gender and Skin Type</p>]]> 
      </mattext> 
     </material>
    </response_label>
   </render_choice>
  </response_lid>
 </presentation>
 <resprocessing>
  <outcomes>
   <decvar vartype="Integer" defaultval="0" varname="que_score"></decvar>
  </outcomes>
  <respcondition>
   <conditionvar>
    <varequal respident="YK9paCwQEey6WA6F6FrkSw_RC">
     0.42792532929010496
    </varequal>
   </conditionvar>
   <setvar varname="que_score">
    0
   </setvar>
   <displayfeedback feedbackType="Response" linkrefid="0.42792532929010496_FB"></displayfeedback>
  </respcondition>
  <respcondition>
   <conditionvar>
    <varequal respident="YK9paCwQEey6WA6F6FrkSw_RC">
     0.8869635205321003
    </varequal>
   </conditionvar>
   <setvar varname="que_score">
    0
   </setvar>
   <displayfeedback feedbackType="Response" linkrefid="0.8869635205321003_FB"></displayfeedback>
  </respcondition>
  <respcondition>
   <conditionvar>
    <varequal respident="YK9paCwQEey6WA6F6FrkSw_RC">
     0.30674256929608756
    </varequal>
   </conditionvar>
   <setvar varname="que_score">
    0
   </setvar>
   <displayfeedback feedbackType="Response" linkrefid="0.30674256929608756_FB"></displayfeedback>
  </respcondition>
  <respcondition>
   <conditionvar>
    <varequal respident="YK9paCwQEey6WA6F6FrkSw_RC">
     0.40632551374932646
    </varequal>
   </conditionvar>
   <setvar varname="que_score">
    1
   </setvar>
   <displayfeedback feedbackType="Response" linkrefid="0.40632551374932646_FB"></displayfeedback>
  </respcondition>
 </resprocessing>
 <itemfeedback ident="0.42792532929010496_FB">
  <material></material>
 </itemfeedback>
 <itemfeedback ident="0.8869635205321003_FB">
  <material></material>
 </itemfeedback>
 <itemfeedback ident="0.30674256929608756_FB">
  <material></material>
 </itemfeedback>
 <itemfeedback ident="0.40632551374932646_FB">
  <material></material>
 </itemfeedback>
</item>
<item ident="g7nmtiwQEeyOyQqu41sGEw" coursera_id="g7nmtiwQEeyOyQqu41sGEw">
 <presentation>
  <material> 
   <mattext texttype="text/html"><![CDATA[<p>Which of the following are commercial gender classification systems used in the analysis within this paper?</p>]]> 
   </mattext> 
  </material>
  <response_lid ident="g7nmtiwQEeyOyQqu41sGEw_RC" rcardinality="Multiple">
   <render_choice>
    <response_label ident="0.7552099833472763" coursera_id="0.7552099833472763">
     <material> 
      <mattext texttype="text/html"><![CDATA[<p>Adience</p>]]> 
      </mattext> 
     </material>
    </response_label>
    <response_label ident="0.4597915552409243" coursera_id="0.4597915552409243">
     <material> 
      <mattext texttype="text/html"><![CDATA[<p>Google</p>]]> 
      </mattext> 
     </material>
    </response_label>
    <response_label ident="0.8136878080830677" coursera_id="0.8136878080830677">
     <material> 
      <mattext texttype="text/html"><![CDATA[<p>F​ace++</p>]]> 
      </mattext> 
     </material>
    </response_label>
    <response_label ident="0.250085779428187" coursera_id="0.250085779428187">
     <material> 
      <mattext texttype="text/html"><![CDATA[<p>A​ffectiva</p>]]> 
      </mattext> 
     </material>
    </response_label>
    <response_label ident="0.9275117978233675" coursera_id="0.9275117978233675">
     <material> 
      <mattext texttype="text/html"><![CDATA[<p>F​aception</p>]]> 
      </mattext> 
     </material>
    </response_label>
    <response_label ident="0.7517304478474428" coursera_id="0.7517304478474428">
     <material> 
      <mattext texttype="text/html"><![CDATA[<p>M​iscrosoft</p>]]> 
      </mattext> 
     </material>
    </response_label>
    <response_label ident="0.5639205872678903" coursera_id="0.5639205872678903">
     <material> 
      <mattext texttype="text/html"><![CDATA[<p>I​BM</p>]]> 
      </mattext> 
     </material>
    </response_label>
   </render_choice>
  </response_lid>
 </presentation>
 <resprocessing>
  <outcomes>
   <decvar vartype="Integer" defaultval="0" varname="que_score"></decvar>
  </outcomes>
  <respcondition>
   <conditionvar>
    <varequal respident="g7nmtiwQEeyOyQqu41sGEw_RC">
     0.7552099833472763
    </varequal>
   </conditionvar>
   <setvar varname="que_score">
    0
   </setvar>
   <displayfeedback feedbackType="Response" linkrefid="0.7552099833472763_FB"></displayfeedback>
  </respcondition>
  <respcondition>
   <conditionvar>
    <varequal respident="g7nmtiwQEeyOyQqu41sGEw_RC">
     0.4597915552409243
    </varequal>
   </conditionvar>
   <setvar varname="que_score">
    0
   </setvar>
   <displayfeedback feedbackType="Response" linkrefid="0.4597915552409243_FB"></displayfeedback>
  </respcondition>
  <respcondition>
   <conditionvar>
    <varequal respident="g7nmtiwQEeyOyQqu41sGEw_RC">
     0.8136878080830677
    </varequal>
   </conditionvar>
   <setvar varname="que_score">
    1
   </setvar>
   <displayfeedback feedbackType="Response" linkrefid="0.8136878080830677_FB"></displayfeedback>
  </respcondition>
  <respcondition>
   <conditionvar>
    <varequal respident="g7nmtiwQEeyOyQqu41sGEw_RC">
     0.250085779428187
    </varequal>
   </conditionvar>
   <setvar varname="que_score">
    0
   </setvar>
   <displayfeedback feedbackType="Response" linkrefid="0.250085779428187_FB"></displayfeedback>
  </respcondition>
  <respcondition>
   <conditionvar>
    <varequal respident="g7nmtiwQEeyOyQqu41sGEw_RC">
     0.9275117978233675
    </varequal>
   </conditionvar>
   <setvar varname="que_score">
    0
   </setvar>
   <displayfeedback feedbackType="Response" linkrefid="0.9275117978233675_FB"></displayfeedback>
  </respcondition>
  <respcondition>
   <conditionvar>
    <varequal respident="g7nmtiwQEeyOyQqu41sGEw_RC">
     0.7517304478474428
    </varequal>
   </conditionvar>
   <setvar varname="que_score">
    1
   </setvar>
   <displayfeedback feedbackType="Response" linkrefid="0.7517304478474428_FB"></displayfeedback>
  </respcondition>
  <respcondition>
   <conditionvar>
    <varequal respident="g7nmtiwQEeyOyQqu41sGEw_RC">
     0.5639205872678903
    </varequal>
   </conditionvar>
   <setvar varname="que_score">
    1
   </setvar>
   <displayfeedback feedbackType="Response" linkrefid="0.5639205872678903_FB"></displayfeedback>
  </respcondition>
 </resprocessing>
 <itemfeedback ident="0.7552099833472763_FB">
  <material></material>
 </itemfeedback>
 <itemfeedback ident="0.4597915552409243_FB">
  <material></material>
 </itemfeedback>
 <itemfeedback ident="0.8136878080830677_FB">
  <material></material>
 </itemfeedback>
 <itemfeedback ident="0.250085779428187_FB">
  <material></material>
 </itemfeedback>
 <itemfeedback ident="0.9275117978233675_FB">
  <material></material>
 </itemfeedback>
 <itemfeedback ident="0.7517304478474428_FB">
  <material></material>
 </itemfeedback>
 <itemfeedback ident="0.5639205872678903_FB">
  <material></material>
 </itemfeedback>
</item>
<item ident="vQgogSwQEeyQWxLn_6nenQ" coursera_id="vQgogSwQEeyQWxLn_6nenQ">
 <presentation>
  <material> 
   <mattext texttype="text/html"><![CDATA[<p>The gender classification systems used in this paper use training data labelled with:</p>]]> 
   </mattext> 
  </material>
  <response_lid ident="vQgogSwQEeyQWxLn_6nenQ_RC" rcardinality="Single">
   <render_choice>
    <response_label ident="0.4687030156597256" coursera_id="0.4687030156597256">
     <material> 
      <mattext texttype="text/html"><![CDATA[<p>G​ender Identity</p>]]> 
      </mattext> 
     </material>
    </response_label>
    <response_label ident="0.7912973621153835" coursera_id="0.7912973621153835">
     <material> 
      <mattext texttype="text/html"><![CDATA[<p>B​iological Sex</p>]]> 
      </mattext> 
     </material>
    </response_label>
    <response_label ident="0.020360825603908284" coursera_id="0.020360825603908284">
     <material> 
      <mattext texttype="text/html"><![CDATA[<p>B​oth</p>]]> 
      </mattext> 
     </material>
    </response_label>
    <response_label ident="0.7880949807373863" coursera_id="0.7880949807373863">
     <material> 
      <mattext texttype="text/html"><![CDATA[<p>N​either</p>]]> 
      </mattext> 
     </material>
    </response_label>
    <response_label ident="0.7225103478135767" coursera_id="0.7225103478135767">
     <material> 
      <mattext texttype="text/html"><![CDATA[<p>U​nknown</p>]]> 
      </mattext> 
     </material>
    </response_label>
   </render_choice>
  </response_lid>
 </presentation>
 <resprocessing>
  <outcomes>
   <decvar vartype="Integer" defaultval="0" varname="que_score"></decvar>
  </outcomes>
  <respcondition>
   <conditionvar>
    <varequal respident="vQgogSwQEeyQWxLn_6nenQ_RC">
     0.4687030156597256
    </varequal>
   </conditionvar>
   <setvar varname="que_score">
    0
   </setvar>
   <displayfeedback feedbackType="Response" linkrefid="0.4687030156597256_FB"></displayfeedback>
  </respcondition>
  <respcondition>
   <conditionvar>
    <varequal respident="vQgogSwQEeyQWxLn_6nenQ_RC">
     0.7912973621153835
    </varequal>
   </conditionvar>
   <setvar varname="que_score">
    0
   </setvar>
   <displayfeedback feedbackType="Response" linkrefid="0.7912973621153835_FB"></displayfeedback>
  </respcondition>
  <respcondition>
   <conditionvar>
    <varequal respident="vQgogSwQEeyQWxLn_6nenQ_RC">
     0.020360825603908284
    </varequal>
   </conditionvar>
   <setvar varname="que_score">
    0
   </setvar>
   <displayfeedback feedbackType="Response" linkrefid="0.020360825603908284_FB"></displayfeedback>
  </respcondition>
  <respcondition>
   <conditionvar>
    <varequal respident="vQgogSwQEeyQWxLn_6nenQ_RC">
     0.7880949807373863
    </varequal>
   </conditionvar>
   <setvar varname="que_score">
    0
   </setvar>
   <displayfeedback feedbackType="Response" linkrefid="0.7880949807373863_FB"></displayfeedback>
  </respcondition>
  <respcondition>
   <conditionvar>
    <varequal respident="vQgogSwQEeyQWxLn_6nenQ_RC">
     0.7225103478135767
    </varequal>
   </conditionvar>
   <setvar varname="que_score">
    1
   </setvar>
   <displayfeedback feedbackType="Response" linkrefid="0.7225103478135767_FB"></displayfeedback>
  </respcondition>
 </resprocessing>
 <itemfeedback ident="0.4687030156597256_FB">
  <material></material>
 </itemfeedback>
 <itemfeedback ident="0.7912973621153835_FB">
  <material></material>
 </itemfeedback>
 <itemfeedback ident="0.020360825603908284_FB">
  <material></material>
 </itemfeedback>
 <itemfeedback ident="0.7880949807373863_FB">
  <material></material>
 </itemfeedback>
 <itemfeedback ident="0.7225103478135767_FB">
  <material></material>
 </itemfeedback>
</item>
<item ident="5Q5IYiwQEeyQWxLn_6nenQ" coursera_id="5Q5IYiwQEeyQWxLn_6nenQ">
 <presentation>
  <material> 
   <mattext texttype="text/html"><![CDATA[<p>The positive predictive value (PPV) is used as an accuracy metric in this paper. Which of the following is definitions relates to PPV?</p>]]> 
   </mattext> 
  </material>
  <response_lid ident="5Q5IYiwQEeyQWxLn_6nenQ_RC" rcardinality="Single">
   <render_choice>
    <response_label ident="0.8227609888670246" coursera_id="0.8227609888670246">
     <material> 
      <mattext texttype="text/html"><![CDATA[<p>number of individuals correctly labelled / total number of individuals</p>]]> 
      </mattext> 
     </material>
    </response_label>
    <response_label ident="0.0537260332184889" coursera_id="0.0537260332184889">
     <material> 
      <mattext texttype="text/html"><![CDATA[<p>number of individuals correctly labelled / number of individuals incorrectly labelled</p>]]> 
      </mattext> 
     </material>
    </response_label>
    <response_label ident="0.012573487401118744" coursera_id="0.012573487401118744">
     <material> 
      <mattext texttype="text/html"><![CDATA[<p>total number of individuals / number of individuals correctly labelled</p>]]> 
      </mattext> 
     </material>
    </response_label>
    <response_label ident="0.725258209436542" coursera_id="0.725258209436542">
     <material> 
      <mattext texttype="text/html"><![CDATA[<p>number of individuals incorrectly labelled / number of individuals correctly labelled</p>]]> 
      </mattext> 
     </material>
    </response_label>
   </render_choice>
  </response_lid>
 </presentation>
 <resprocessing>
  <outcomes>
   <decvar vartype="Integer" defaultval="0" varname="que_score"></decvar>
  </outcomes>
  <respcondition>
   <conditionvar>
    <varequal respident="5Q5IYiwQEeyQWxLn_6nenQ_RC">
     0.8227609888670246
    </varequal>
   </conditionvar>
   <setvar varname="que_score">
    1
   </setvar>
   <displayfeedback feedbackType="Response" linkrefid="0.8227609888670246_FB"></displayfeedback>
  </respcondition>
  <respcondition>
   <conditionvar>
    <varequal respident="5Q5IYiwQEeyQWxLn_6nenQ_RC">
     0.0537260332184889
    </varequal>
   </conditionvar>
   <setvar varname="que_score">
    0
   </setvar>
   <displayfeedback feedbackType="Response" linkrefid="0.0537260332184889_FB"></displayfeedback>
  </respcondition>
  <respcondition>
   <conditionvar>
    <varequal respident="5Q5IYiwQEeyQWxLn_6nenQ_RC">
     0.012573487401118744
    </varequal>
   </conditionvar>
   <setvar varname="que_score">
    0
   </setvar>
   <displayfeedback feedbackType="Response" linkrefid="0.012573487401118744_FB"></displayfeedback>
  </respcondition>
  <respcondition>
   <conditionvar>
    <varequal respident="5Q5IYiwQEeyQWxLn_6nenQ_RC">
     0.725258209436542
    </varequal>
   </conditionvar>
   <setvar varname="que_score">
    0
   </setvar>
   <displayfeedback feedbackType="Response" linkrefid="0.725258209436542_FB"></displayfeedback>
  </respcondition>
 </resprocessing>
 <itemfeedback ident="0.8227609888670246_FB">
  <material></material>
 </itemfeedback>
 <itemfeedback ident="0.0537260332184889_FB">
  <material></material>
 </itemfeedback>
 <itemfeedback ident="0.012573487401118744_FB">
  <material></material>
 </itemfeedback>
 <itemfeedback ident="0.725258209436542_FB">
  <material></material>
 </itemfeedback>
</item>
<item ident="Gfyy_CwREey6WA6F6FrkSw" coursera_id="Gfyy_CwREey6WA6F6FrkSw">
 <presentation>
  <material> 
   <mattext texttype="text/html"><![CDATA[<p>Which sub-group has the highest true positive rate across all classification systems?</p>]]> 
   </mattext> 
  </material>
  <response_lid ident="Gfyy_CwREey6WA6F6FrkSw_RC" rcardinality="Single">
   <render_choice>
    <response_label ident="0.3949077561960973" coursera_id="0.3949077561960973">
     <material> 
      <mattext texttype="text/html"><![CDATA[<p>D​arker Females</p>]]> 
      </mattext> 
     </material>
    </response_label>
    <response_label ident="0.3766528467818434" coursera_id="0.3766528467818434">
     <material> 
      <mattext texttype="text/html"><![CDATA[<p>Darker Males</p>]]> 
      </mattext> 
     </material>
    </response_label>
    <response_label ident="0.18551899856757692" coursera_id="0.18551899856757692">
     <material> 
      <mattext texttype="text/html"><![CDATA[<p>L​ighter Females</p>]]> 
      </mattext> 
     </material>
    </response_label>
    <response_label ident="0.14901625580125788" coursera_id="0.14901625580125788">
     <material> 
      <mattext texttype="text/html"><![CDATA[<p>L​ighter Males</p>]]> 
      </mattext> 
     </material>
    </response_label>
   </render_choice>
  </response_lid>
 </presentation>
 <resprocessing>
  <outcomes>
   <decvar vartype="Integer" defaultval="0" varname="que_score"></decvar>
  </outcomes>
  <respcondition>
   <conditionvar>
    <varequal respident="Gfyy_CwREey6WA6F6FrkSw_RC">
     0.3949077561960973
    </varequal>
   </conditionvar>
   <setvar varname="que_score">
    0
   </setvar>
   <displayfeedback feedbackType="Response" linkrefid="0.3949077561960973_FB"></displayfeedback>
  </respcondition>
  <respcondition>
   <conditionvar>
    <varequal respident="Gfyy_CwREey6WA6F6FrkSw_RC">
     0.3766528467818434
    </varequal>
   </conditionvar>
   <setvar varname="que_score">
    0
   </setvar>
   <displayfeedback feedbackType="Response" linkrefid="0.3766528467818434_FB"></displayfeedback>
  </respcondition>
  <respcondition>
   <conditionvar>
    <varequal respident="Gfyy_CwREey6WA6F6FrkSw_RC">
     0.18551899856757692
    </varequal>
   </conditionvar>
   <setvar varname="que_score">
    1
   </setvar>
   <displayfeedback feedbackType="Response" linkrefid="0.18551899856757692_FB"></displayfeedback>
  </respcondition>
  <respcondition>
   <conditionvar>
    <varequal respident="Gfyy_CwREey6WA6F6FrkSw_RC">
     0.14901625580125788
    </varequal>
   </conditionvar>
   <setvar varname="que_score">
    0
   </setvar>
   <displayfeedback feedbackType="Response" linkrefid="0.14901625580125788_FB"></displayfeedback>
  </respcondition>
 </resprocessing>
 <itemfeedback ident="0.3949077561960973_FB">
  <material></material>
 </itemfeedback>
 <itemfeedback ident="0.3766528467818434_FB">
  <material></material>
 </itemfeedback>
 <itemfeedback ident="0.18551899856757692_FB">
  <material></material>
 </itemfeedback>
 <itemfeedback ident="0.14901625580125788_FB">
  <material></material>
 </itemfeedback>
</item>
<item ident="PqRlVCwREeyQWxLn_6nenQ" coursera_id="PqRlVCwREeyQWxLn_6nenQ">
 <presentation>
  <material> 
   <mattext texttype="text/html"><![CDATA[<p>Which sub-group has the highest error rate across all classification systems? </p>]]> 
   </mattext> 
  </material>
  <response_lid ident="PqRlVCwREeyQWxLn_6nenQ_RC" rcardinality="Single">
   <render_choice>
    <response_label ident="0.5706208444466833" coursera_id="0.5706208444466833">
     <material> 
      <mattext texttype="text/html"><![CDATA[<p>D​arker Females</p>]]> 
      </mattext> 
     </material>
    </response_label>
    <response_label ident="0.024182251057703108" coursera_id="0.024182251057703108">
     <material> 
      <mattext texttype="text/html"><![CDATA[<p>D​arker Males</p>]]> 
      </mattext> 
     </material>
    </response_label>
    <response_label ident="0.8103657981031865" coursera_id="0.8103657981031865">
     <material> 
      <mattext texttype="text/html"><![CDATA[<p>L​ighter Females</p>]]> 
      </mattext> 
     </material>
    </response_label>
    <response_label ident="0.11215739986995965" coursera_id="0.11215739986995965">
     <material> 
      <mattext texttype="text/html"><![CDATA[<p>L​ighter Males</p>]]> 
      </mattext> 
     </material>
    </response_label>
   </render_choice>
  </response_lid>
 </presentation>
 <resprocessing>
  <outcomes>
   <decvar vartype="Integer" defaultval="0" varname="que_score"></decvar>
  </outcomes>
  <respcondition>
   <conditionvar>
    <varequal respident="PqRlVCwREeyQWxLn_6nenQ_RC">
     0.5706208444466833
    </varequal>
   </conditionvar>
   <setvar varname="que_score">
    1
   </setvar>
   <displayfeedback feedbackType="Response" linkrefid="0.5706208444466833_FB"></displayfeedback>
  </respcondition>
  <respcondition>
   <conditionvar>
    <varequal respident="PqRlVCwREeyQWxLn_6nenQ_RC">
     0.024182251057703108
    </varequal>
   </conditionvar>
   <setvar varname="que_score">
    0
   </setvar>
   <displayfeedback feedbackType="Response" linkrefid="0.024182251057703108_FB"></displayfeedback>
  </respcondition>
  <respcondition>
   <conditionvar>
    <varequal respident="PqRlVCwREeyQWxLn_6nenQ_RC">
     0.8103657981031865
    </varequal>
   </conditionvar>
   <setvar varname="que_score">
    0
   </setvar>
   <displayfeedback feedbackType="Response" linkrefid="0.8103657981031865_FB"></displayfeedback>
  </respcondition>
  <respcondition>
   <conditionvar>
    <varequal respident="PqRlVCwREeyQWxLn_6nenQ_RC">
     0.11215739986995965
    </varequal>
   </conditionvar>
   <setvar varname="que_score">
    0
   </setvar>
   <displayfeedback feedbackType="Response" linkrefid="0.11215739986995965_FB"></displayfeedback>
  </respcondition>
 </resprocessing>
 <itemfeedback ident="0.5706208444466833_FB">
  <material></material>
 </itemfeedback>
 <itemfeedback ident="0.024182251057703108_FB">
  <material></material>
 </itemfeedback>
 <itemfeedback ident="0.8103657981031865_FB">
  <material></material>
 </itemfeedback>
 <itemfeedback ident="0.11215739986995965_FB">
  <material></material>
 </itemfeedback>
</item>
<item ident="WKMPWiwREeyOyQqu41sGEw" coursera_id="WKMPWiwREeyOyQqu41sGEw">
 <presentation>
  <material> 
   <mattext texttype="text/html"><![CDATA[<p>Which sub-group has the highest postive predictive value for the Face++ classification system? </p>]]> 
   </mattext> 
  </material>
  <response_lid ident="WKMPWiwREeyOyQqu41sGEw_RC" rcardinality="Single">
   <render_choice>
    <response_label ident="0.9178631108942177" coursera_id="0.9178631108942177">
     <material> 
      <mattext texttype="text/html"><![CDATA[<p>D​arker Females</p>]]> 
      </mattext> 
     </material>
    </response_label>
    <response_label ident="0.23553350752237334" coursera_id="0.23553350752237334">
     <material> 
      <mattext texttype="text/html"><![CDATA[<p>D​arker Males</p>]]> 
      </mattext> 
     </material>
    </response_label>
    <response_label ident="0.705738461229414" coursera_id="0.705738461229414">
     <material> 
      <mattext texttype="text/html"><![CDATA[<p>L​ighter Females</p>]]> 
      </mattext> 
     </material>
    </response_label>
    <response_label ident="0.648670210483013" coursera_id="0.648670210483013">
     <material> 
      <mattext texttype="text/html"><![CDATA[<p>L​ighter Males</p>]]> 
      </mattext> 
     </material>
    </response_label>
   </render_choice>
  </response_lid>
 </presentation>
 <resprocessing>
  <outcomes>
   <decvar vartype="Integer" defaultval="0" varname="que_score"></decvar>
  </outcomes>
  <respcondition>
   <conditionvar>
    <varequal respident="WKMPWiwREeyOyQqu41sGEw_RC">
     0.9178631108942177
    </varequal>
   </conditionvar>
   <setvar varname="que_score">
    0
   </setvar>
   <displayfeedback feedbackType="Response" linkrefid="0.9178631108942177_FB"></displayfeedback>
  </respcondition>
  <respcondition>
   <conditionvar>
    <varequal respident="WKMPWiwREeyOyQqu41sGEw_RC">
     0.23553350752237334
    </varequal>
   </conditionvar>
   <setvar varname="que_score">
    1
   </setvar>
   <displayfeedback feedbackType="Response" linkrefid="0.23553350752237334_FB"></displayfeedback>
  </respcondition>
  <respcondition>
   <conditionvar>
    <varequal respident="WKMPWiwREeyOyQqu41sGEw_RC">
     0.705738461229414
    </varequal>
   </conditionvar>
   <setvar varname="que_score">
    0
   </setvar>
   <displayfeedback feedbackType="Response" linkrefid="0.705738461229414_FB"></displayfeedback>
  </respcondition>
  <respcondition>
   <conditionvar>
    <varequal respident="WKMPWiwREeyOyQqu41sGEw_RC">
     0.648670210483013
    </varequal>
   </conditionvar>
   <setvar varname="que_score">
    0
   </setvar>
   <displayfeedback feedbackType="Response" linkrefid="0.648670210483013_FB"></displayfeedback>
  </respcondition>
 </resprocessing>
 <itemfeedback ident="0.9178631108942177_FB">
  <material></material>
 </itemfeedback>
 <itemfeedback ident="0.23553350752237334_FB">
  <material></material>
 </itemfeedback>
 <itemfeedback ident="0.705738461229414_FB">
  <material></material>
 </itemfeedback>
 <itemfeedback ident="0.648670210483013_FB">
  <material></material>
 </itemfeedback>
</item>
   </section>
 </assessment>
</questestinterop>
      