<?xml version="1.0" encoding="UTF-8"?>
<questestinterop>
 <assessment title="QuizExport" ident="A1001">
   <section title="Main" ident="S1001">
     <item ident="JA0mKD2MEeybOhKNLWKzuQ" coursera_id="JA0mKD2MEeybOhKNLWKzuQ">
 <presentation>
  <material> 
   <mattext texttype="text/html"><![CDATA[<p>Which of the principles below appear in the UK Government's data ethics framework? </p>]]> 
   </mattext> 
  </material>
  <response_lid ident="JA0mKD2MEeybOhKNLWKzuQ_RC" rcardinality="Multiple">
   <render_choice>
    <response_label ident="0.27059052438102915" coursera_id="0.27059052438102915">
     <material> 
      <mattext texttype="text/html"><![CDATA[<p>Transparency</p>]]> 
      </mattext> 
     </material>
    </response_label>
    <response_label ident="0.6525120617610916" coursera_id="0.6525120617610916">
     <material> 
      <mattext texttype="text/html"><![CDATA[<p>Explainability</p>]]> 
      </mattext> 
     </material>
    </response_label>
    <response_label ident="0.988432556341913" coursera_id="0.988432556341913">
     <material> 
      <mattext texttype="text/html"><![CDATA[<p>Non-maleficence</p>]]> 
      </mattext> 
     </material>
    </response_label>
    <response_label ident="0.17001418487450026" coursera_id="0.17001418487450026">
     <material> 
      <mattext texttype="text/html"><![CDATA[<p>Accountability</p>]]> 
      </mattext> 
     </material>
    </response_label>
    <response_label ident="0.43806130951293043" coursera_id="0.43806130951293043">
     <material> 
      <mattext texttype="text/html"><![CDATA[<p>Fairness</p>]]> 
      </mattext> 
     </material>
    </response_label>
   </render_choice>
  </response_lid>
 </presentation>
 <resprocessing>
  <outcomes>
   <decvar vartype="Integer" defaultval="0" varname="que_score"></decvar>
  </outcomes>
  <respcondition>
   <conditionvar>
    <varequal respident="JA0mKD2MEeybOhKNLWKzuQ_RC">
     0.27059052438102915
    </varequal>
   </conditionvar>
   <setvar varname="que_score">
    1
   </setvar>
   <displayfeedback feedbackType="Response" linkrefid="0.27059052438102915_FB"></displayfeedback>
  </respcondition>
  <respcondition>
   <conditionvar>
    <varequal respident="JA0mKD2MEeybOhKNLWKzuQ_RC">
     0.6525120617610916
    </varequal>
   </conditionvar>
   <setvar varname="que_score">
    0
   </setvar>
   <displayfeedback feedbackType="Response" linkrefid="0.6525120617610916_FB"></displayfeedback>
  </respcondition>
  <respcondition>
   <conditionvar>
    <varequal respident="JA0mKD2MEeybOhKNLWKzuQ_RC">
     0.988432556341913
    </varequal>
   </conditionvar>
   <setvar varname="que_score">
    0
   </setvar>
   <displayfeedback feedbackType="Response" linkrefid="0.988432556341913_FB"></displayfeedback>
  </respcondition>
  <respcondition>
   <conditionvar>
    <varequal respident="JA0mKD2MEeybOhKNLWKzuQ_RC">
     0.17001418487450026
    </varequal>
   </conditionvar>
   <setvar varname="que_score">
    1
   </setvar>
   <displayfeedback feedbackType="Response" linkrefid="0.17001418487450026_FB"></displayfeedback>
  </respcondition>
  <respcondition>
   <conditionvar>
    <varequal respident="JA0mKD2MEeybOhKNLWKzuQ_RC">
     0.43806130951293043
    </varequal>
   </conditionvar>
   <setvar varname="que_score">
    1
   </setvar>
   <displayfeedback feedbackType="Response" linkrefid="0.43806130951293043_FB"></displayfeedback>
  </respcondition>
 </resprocessing>
 <itemfeedback ident="0.27059052438102915_FB">
  <material></material>
 </itemfeedback>
 <itemfeedback ident="0.6525120617610916_FB">
  <material> 
   <mattext texttype="text/html"><![CDATA[<p>Although explainability is an important principle, it is not specifically called out in this particular ethical framework.</p>]]> 
   </mattext> 
  </material>
 </itemfeedback>
 <itemfeedback ident="0.988432556341913_FB">
  <material> 
   <mattext texttype="text/html"><![CDATA[<p>This principle is one of the core bioethical principles, but does not appear in this code of conduct.</p>]]> 
   </mattext> 
  </material>
 </itemfeedback>
 <itemfeedback ident="0.17001418487450026_FB">
  <material></material>
 </itemfeedback>
 <itemfeedback ident="0.43806130951293043_FB">
  <material></material>
 </itemfeedback>
</item>
<item ident="YnpKCz2MEeymGg6els8ioQ" coursera_id="YnpKCz2MEeymGg6els8ioQ">
 <presentation>
  <material> 
   <mattext texttype="text/html"><![CDATA[<p>What two types of bias are mentioned by the guide? </p>]]> 
   </mattext> 
  </material>
  <response_lid ident="YnpKCz2MEeymGg6els8ioQ_RC" rcardinality="Multiple">
   <render_choice>
    <response_label ident="0.9762315951101328" coursera_id="0.9762315951101328">
     <material> 
      <mattext texttype="text/html"><![CDATA[<p>Estimation bias</p>]]> 
      </mattext> 
     </material>
    </response_label>
    <response_label ident="0.16955775799990547" coursera_id="0.16955775799990547">
     <material> 
      <mattext texttype="text/html"><![CDATA[<p>Historical bias</p>]]> 
      </mattext> 
     </material>
    </response_label>
    <response_label ident="0.7644713499538669" coursera_id="0.7644713499538669">
     <material> 
      <mattext texttype="text/html"><![CDATA[<p>Selection bias</p>]]> 
      </mattext> 
     </material>
    </response_label>
    <response_label ident="0.8318500996213394" coursera_id="0.8318500996213394">
     <material> 
      <mattext texttype="text/html"><![CDATA[<p>Cognitive bias</p>]]> 
      </mattext> 
     </material>
    </response_label>
   </render_choice>
  </response_lid>
 </presentation>
 <resprocessing>
  <outcomes>
   <decvar vartype="Integer" defaultval="0" varname="que_score"></decvar>
  </outcomes>
  <respcondition>
   <conditionvar>
    <varequal respident="YnpKCz2MEeymGg6els8ioQ_RC">
     0.9762315951101328
    </varequal>
   </conditionvar>
   <setvar varname="que_score">
    1
   </setvar>
   <displayfeedback feedbackType="Response" linkrefid="0.9762315951101328_FB"></displayfeedback>
  </respcondition>
  <respcondition>
   <conditionvar>
    <varequal respident="YnpKCz2MEeymGg6els8ioQ_RC">
     0.16955775799990547
    </varequal>
   </conditionvar>
   <setvar varname="que_score">
    0
   </setvar>
   <displayfeedback feedbackType="Response" linkrefid="0.16955775799990547_FB"></displayfeedback>
  </respcondition>
  <respcondition>
   <conditionvar>
    <varequal respident="YnpKCz2MEeymGg6els8ioQ_RC">
     0.7644713499538669
    </varequal>
   </conditionvar>
   <setvar varname="que_score">
    1
   </setvar>
   <displayfeedback feedbackType="Response" linkrefid="0.7644713499538669_FB"></displayfeedback>
  </respcondition>
  <respcondition>
   <conditionvar>
    <varequal respident="YnpKCz2MEeymGg6els8ioQ_RC">
     0.8318500996213394
    </varequal>
   </conditionvar>
   <setvar varname="que_score">
    0
   </setvar>
   <displayfeedback feedbackType="Response" linkrefid="0.8318500996213394_FB"></displayfeedback>
  </respcondition>
 </resprocessing>
 <itemfeedback ident="0.9762315951101328_FB">
  <material></material>
 </itemfeedback>
 <itemfeedback ident="0.16955775799990547_FB">
  <material></material>
 </itemfeedback>
 <itemfeedback ident="0.7644713499538669_FB">
  <material></material>
 </itemfeedback>
 <itemfeedback ident="0.8318500996213394_FB">
  <material></material>
 </itemfeedback>
</item>
   </section>
 </assessment>
</questestinterop>
      