<?xml version="1.0" encoding="UTF-8"?>
<questestinterop>
 <assessment title="QuizExport" ident="A1001">
   <section title="Main" ident="S1001">
     <item ident="WEcoYwKPEeyM3RI8oLVqTQ" coursera_id="WEcoYwKPEeyM3RI8oLVqTQ">
 <presentation>
  <material> 
   <mattext texttype="text/html"><![CDATA[<p>In which of the five FCT principles is the OECD "purpose specification" principle captured?</p>]]> 
   </mattext> 
  </material>
  <response_lid ident="WEcoYwKPEeyM3RI8oLVqTQ_RC" rcardinality="Single">
   <render_choice>
    <response_label ident="0.5807684683246843" coursera_id="0.5807684683246843">
     <material> 
      <mattext texttype="text/html"><![CDATA[<p>Notice/Awareness</p>]]> 
      </mattext> 
     </material>
    </response_label>
    <response_label ident="0.07844945353422306" coursera_id="0.07844945353422306">
     <material> 
      <mattext texttype="text/html"><![CDATA[<p>Choice/consent</p>]]> 
      </mattext> 
     </material>
    </response_label>
    <response_label ident="0.7565764462462023" coursera_id="0.7565764462462023">
     <material> 
      <mattext texttype="text/html"><![CDATA[<p>Access/Participation</p>]]> 
      </mattext> 
     </material>
    </response_label>
    <response_label ident="0.07980541992133872" coursera_id="0.07980541992133872">
     <material> 
      <mattext texttype="text/html"><![CDATA[<p>Integrity/Security</p>]]> 
      </mattext> 
     </material>
    </response_label>
    <response_label ident="0.007719106904607642" coursera_id="0.007719106904607642">
     <material> 
      <mattext texttype="text/html"><![CDATA[<p>Enforcement/Redress</p>]]> 
      </mattext> 
     </material>
    </response_label>
   </render_choice>
  </response_lid>
 </presentation>
 <resprocessing>
  <outcomes>
   <decvar vartype="Integer" defaultval="0" varname="que_score"></decvar>
  </outcomes>
  <respcondition>
   <conditionvar>
    <varequal respident="WEcoYwKPEeyM3RI8oLVqTQ_RC">
     0.5807684683246843
    </varequal>
   </conditionvar>
   <setvar varname="que_score">
    0
   </setvar>
   <displayfeedback feedbackType="Response" linkrefid="0.5807684683246843_FB"></displayfeedback>
  </respcondition>
  <respcondition>
   <conditionvar>
    <varequal respident="WEcoYwKPEeyM3RI8oLVqTQ_RC">
     0.07844945353422306
    </varequal>
   </conditionvar>
   <setvar varname="que_score">
    1
   </setvar>
   <displayfeedback feedbackType="Response" linkrefid="0.07844945353422306_FB"></displayfeedback>
  </respcondition>
  <respcondition>
   <conditionvar>
    <varequal respident="WEcoYwKPEeyM3RI8oLVqTQ_RC">
     0.7565764462462023
    </varequal>
   </conditionvar>
   <setvar varname="que_score">
    0
   </setvar>
   <displayfeedback feedbackType="Response" linkrefid="0.7565764462462023_FB"></displayfeedback>
  </respcondition>
  <respcondition>
   <conditionvar>
    <varequal respident="WEcoYwKPEeyM3RI8oLVqTQ_RC">
     0.07980541992133872
    </varequal>
   </conditionvar>
   <setvar varname="que_score">
    0
   </setvar>
   <displayfeedback feedbackType="Response" linkrefid="0.07980541992133872_FB"></displayfeedback>
  </respcondition>
  <respcondition>
   <conditionvar>
    <varequal respident="WEcoYwKPEeyM3RI8oLVqTQ_RC">
     0.007719106904607642
    </varequal>
   </conditionvar>
   <setvar varname="que_score">
    0
   </setvar>
   <displayfeedback feedbackType="Response" linkrefid="0.007719106904607642_FB"></displayfeedback>
  </respcondition>
 </resprocessing>
 <itemfeedback ident="0.5807684683246843_FB">
  <material></material>
 </itemfeedback>
 <itemfeedback ident="0.07844945353422306_FB">
  <material></material>
 </itemfeedback>
 <itemfeedback ident="0.7565764462462023_FB">
  <material></material>
 </itemfeedback>
 <itemfeedback ident="0.07980541992133872_FB">
  <material></material>
 </itemfeedback>
 <itemfeedback ident="0.007719106904607642_FB">
  <material></material>
 </itemfeedback>
</item>
<item ident="vAEYrQKPEeyM3RI8oLVqTQ" coursera_id="vAEYrQKPEeyM3RI8oLVqTQ">
 <presentation>
  <material> 
   <mattext texttype="text/html"><![CDATA[<p>Which principles below are dependent on compliance with the notice/awareness principle (i.e., cannot be possibly be satisfied unless notice/awareness is satisfied first)?</p>]]> 
   </mattext> 
  </material>
  <response_lid ident="vAEYrQKPEeyM3RI8oLVqTQ_RC" rcardinality="Multiple">
   <render_choice>
    <response_label ident="0.7106364297456986" coursera_id="0.7106364297456986">
     <material> 
      <mattext texttype="text/html"><![CDATA[<p>Choice/Consent</p>]]> 
      </mattext> 
     </material>
    </response_label>
    <response_label ident="0.9836217312944373" coursera_id="0.9836217312944373">
     <material> 
      <mattext texttype="text/html"><![CDATA[<p>Access/Participation</p>]]> 
      </mattext> 
     </material>
    </response_label>
    <response_label ident="0.48705651629310953" coursera_id="0.48705651629310953">
     <material> 
      <mattext texttype="text/html"><![CDATA[<p>Integrity/Security</p>]]> 
      </mattext> 
     </material>
    </response_label>
    <response_label ident="0.5951936838365912" coursera_id="0.5951936838365912">
     <material> 
      <mattext texttype="text/html"><![CDATA[<p>Enforcement/Redress</p>]]> 
      </mattext> 
     </material>
    </response_label>
   </render_choice>
  </response_lid>
 </presentation>
 <resprocessing>
  <outcomes>
   <decvar vartype="Integer" defaultval="0" varname="que_score"></decvar>
  </outcomes>
  <respcondition>
   <conditionvar>
    <varequal respident="vAEYrQKPEeyM3RI8oLVqTQ_RC">
     0.7106364297456986
    </varequal>
   </conditionvar>
   <setvar varname="que_score">
    1
   </setvar>
   <displayfeedback feedbackType="Response" linkrefid="0.7106364297456986_FB"></displayfeedback>
  </respcondition>
  <respcondition>
   <conditionvar>
    <varequal respident="vAEYrQKPEeyM3RI8oLVqTQ_RC">
     0.9836217312944373
    </varequal>
   </conditionvar>
   <setvar varname="que_score">
    1
   </setvar>
   <displayfeedback feedbackType="Response" linkrefid="0.9836217312944373_FB"></displayfeedback>
  </respcondition>
  <respcondition>
   <conditionvar>
    <varequal respident="vAEYrQKPEeyM3RI8oLVqTQ_RC">
     0.48705651629310953
    </varequal>
   </conditionvar>
   <setvar varname="que_score">
    0
   </setvar>
   <displayfeedback feedbackType="Response" linkrefid="0.48705651629310953_FB"></displayfeedback>
  </respcondition>
  <respcondition>
   <conditionvar>
    <varequal respident="vAEYrQKPEeyM3RI8oLVqTQ_RC">
     0.5951936838365912
    </varequal>
   </conditionvar>
   <setvar varname="que_score">
    1
   </setvar>
   <displayfeedback feedbackType="Response" linkrefid="0.5951936838365912_FB"></displayfeedback>
  </respcondition>
 </resprocessing>
 <itemfeedback ident="0.7106364297456986_FB">
  <material></material>
 </itemfeedback>
 <itemfeedback ident="0.9836217312944373_FB">
  <material></material>
 </itemfeedback>
 <itemfeedback ident="0.48705651629310953_FB">
  <material></material>
 </itemfeedback>
 <itemfeedback ident="0.5951936838365912_FB">
  <material></material>
 </itemfeedback>
</item>
   </section>
 </assessment>
</questestinterop>
      