<?xml version="1.0" encoding="UTF-8"?>
<questestinterop>
 <assessment title="QuizExport" ident="A1001">
   <section title="Main" ident="S1001">
     <item ident="iFPCz0MJEeyPIg45kCz_Jw" coursera_id="iFPCz0MJEeyPIg45kCz_Jw">
 <presentation>
  <material> 
   <mattext texttype="text/html"><![CDATA[<p>W​hat term is used to describe encryption methods which preserve addition and (potentially) multiplication </p>]]> 
   </mattext> 
  </material>
  <response_lid ident="iFPCz0MJEeyPIg45kCz_Jw_RC" rcardinality="Single">
   <render_choice>
    <response_label ident="0.96712522309782" coursera_id="0.96712522309782">
     <material> 
      <mattext texttype="text/html"><![CDATA[<p>H​olomorphic</p>]]> 
      </mattext> 
     </material>
    </response_label>
    <response_label ident="0.08615887175908188" coursera_id="0.08615887175908188">
     <material> 
      <mattext texttype="text/html"><![CDATA[<p>H​omeomorphic</p>]]> 
      </mattext> 
     </material>
    </response_label>
    <response_label ident="0.5346860365935678" coursera_id="0.5346860365935678">
     <material> 
      <mattext texttype="text/html"><![CDATA[<p>H​eteromorphic</p>]]> 
      </mattext> 
     </material>
    </response_label>
    <response_label ident="0.19395322117345626" coursera_id="0.19395322117345626">
     <material> 
      <mattext texttype="text/html"><![CDATA[<p>H​omomorphic</p>]]> 
      </mattext> 
     </material>
    </response_label>
   </render_choice>
  </response_lid>
 </presentation>
 <resprocessing>
  <outcomes>
   <decvar vartype="Integer" defaultval="0" varname="que_score"></decvar>
  </outcomes>
  <respcondition>
   <conditionvar>
    <varequal respident="iFPCz0MJEeyPIg45kCz_Jw_RC">
     0.96712522309782
    </varequal>
   </conditionvar>
   <setvar varname="que_score">
    0
   </setvar>
   <displayfeedback feedbackType="Response" linkrefid="0.96712522309782_FB"></displayfeedback>
  </respcondition>
  <respcondition>
   <conditionvar>
    <varequal respident="iFPCz0MJEeyPIg45kCz_Jw_RC">
     0.08615887175908188
    </varequal>
   </conditionvar>
   <setvar varname="que_score">
    0
   </setvar>
   <displayfeedback feedbackType="Response" linkrefid="0.08615887175908188_FB"></displayfeedback>
  </respcondition>
  <respcondition>
   <conditionvar>
    <varequal respident="iFPCz0MJEeyPIg45kCz_Jw_RC">
     0.5346860365935678
    </varequal>
   </conditionvar>
   <setvar varname="que_score">
    0
   </setvar>
   <displayfeedback feedbackType="Response" linkrefid="0.5346860365935678_FB"></displayfeedback>
  </respcondition>
  <respcondition>
   <conditionvar>
    <varequal respident="iFPCz0MJEeyPIg45kCz_Jw_RC">
     0.19395322117345626
    </varequal>
   </conditionvar>
   <setvar varname="que_score">
    1
   </setvar>
   <displayfeedback feedbackType="Response" linkrefid="0.19395322117345626_FB"></displayfeedback>
  </respcondition>
 </resprocessing>
 <itemfeedback ident="0.96712522309782_FB">
  <material></material>
 </itemfeedback>
 <itemfeedback ident="0.08615887175908188_FB">
  <material></material>
 </itemfeedback>
 <itemfeedback ident="0.5346860365935678_FB">
  <material></material>
 </itemfeedback>
 <itemfeedback ident="0.19395322117345626_FB">
  <material></material>
 </itemfeedback>
</item>
<item ident="MsRr_kMKEeyPIg45kCz_Jw" coursera_id="MsRr_kMKEeyPIg45kCz_Jw">
 <presentation>
  <material> 
   <mattext texttype="text/html"><![CDATA[<p>A​ partially homomorphic encryption preserves</p>]]> 
   </mattext> 
  </material>
  <response_lid ident="MsRr_kMKEeyPIg45kCz_Jw_RC" rcardinality="Multiple">
   <render_choice>
    <response_label ident="0.18179506198808948" coursera_id="0.18179506198808948">
     <material> 
      <mattext texttype="text/html"><![CDATA[<p>a​ddition</p>]]> 
      </mattext> 
     </material>
    </response_label>
    <response_label ident="0.4612926860883505" coursera_id="0.4612926860883505">
     <material> 
      <mattext texttype="text/html"><![CDATA[<p>m​ultiplication</p>]]> 
      </mattext> 
     </material>
    </response_label>
    <response_label ident="0.10098608834520784" coursera_id="0.10098608834520784">
     <material> 
      <mattext texttype="text/html"><![CDATA[<p>e​xponentiation</p>]]> 
      </mattext> 
     </material>
    </response_label>
    <response_label ident="0.8406818900301318" coursera_id="0.8406818900301318">
     <material> 
      <mattext texttype="text/html"><![CDATA[<p>a​ll of the above</p>]]> 
      </mattext> 
     </material>
    </response_label>
   </render_choice>
  </response_lid>
 </presentation>
 <resprocessing>
  <outcomes>
   <decvar vartype="Integer" defaultval="0" varname="que_score"></decvar>
  </outcomes>
  <respcondition>
   <conditionvar>
    <varequal respident="MsRr_kMKEeyPIg45kCz_Jw_RC">
     0.18179506198808948
    </varequal>
   </conditionvar>
   <setvar varname="que_score">
    1
   </setvar>
   <displayfeedback feedbackType="Response" linkrefid="0.18179506198808948_FB"></displayfeedback>
  </respcondition>
  <respcondition>
   <conditionvar>
    <varequal respident="MsRr_kMKEeyPIg45kCz_Jw_RC">
     0.4612926860883505
    </varequal>
   </conditionvar>
   <setvar varname="que_score">
    0
   </setvar>
   <displayfeedback feedbackType="Response" linkrefid="0.4612926860883505_FB"></displayfeedback>
  </respcondition>
  <respcondition>
   <conditionvar>
    <varequal respident="MsRr_kMKEeyPIg45kCz_Jw_RC">
     0.10098608834520784
    </varequal>
   </conditionvar>
   <setvar varname="que_score">
    0
   </setvar>
   <displayfeedback feedbackType="Response" linkrefid="0.10098608834520784_FB"></displayfeedback>
  </respcondition>
  <respcondition>
   <conditionvar>
    <varequal respident="MsRr_kMKEeyPIg45kCz_Jw_RC">
     0.8406818900301318
    </varequal>
   </conditionvar>
   <setvar varname="que_score">
    0
   </setvar>
   <displayfeedback feedbackType="Response" linkrefid="0.8406818900301318_FB"></displayfeedback>
  </respcondition>
 </resprocessing>
 <itemfeedback ident="0.18179506198808948_FB">
  <material></material>
 </itemfeedback>
 <itemfeedback ident="0.4612926860883505_FB">
  <material></material>
 </itemfeedback>
 <itemfeedback ident="0.10098608834520784_FB">
  <material></material>
 </itemfeedback>
 <itemfeedback ident="0.8406818900301318_FB">
  <material></material>
 </itemfeedback>
</item>
<item ident="akv3tkMKEeyuABKfc98aCQ" coursera_id="akv3tkMKEeyuABKfc98aCQ">
 <presentation>
  <material> 
   <mattext texttype="text/html"><![CDATA[<p>Federation is the process of:</p>]]> 
   </mattext> 
  </material>
  <response_lid ident="akv3tkMKEeyuABKfc98aCQ_RC" rcardinality="Single">
   <render_choice>
    <response_label ident="0.8982745665436646" coursera_id="0.8982745665436646">
     <material> 
      <mattext texttype="text/html"><![CDATA[<p>p​artial computation at source to protect privacy</p>]]> 
      </mattext> 
     </material>
    </response_label>
    <response_label ident="0.1673118134895647" coursera_id="0.1673118134895647">
     <material> 
      <mattext texttype="text/html"><![CDATA[<p>d​ata perterbation to protect privacy</p>]]> 
      </mattext> 
     </material>
    </response_label>
    <response_label ident="0.7524970708867057" coursera_id="0.7524970708867057">
     <material> 
      <mattext texttype="text/html"><![CDATA[<p>data encoding to protect privacy</p>]]> 
      </mattext> 
     </material>
    </response_label>
    <response_label ident="0.42860438613670415" coursera_id="0.42860438613670415">
     <material> 
      <mattext texttype="text/html"><![CDATA[<p>d​ata redaction to protect privacy</p>]]> 
      </mattext> 
     </material>
    </response_label>
   </render_choice>
  </response_lid>
 </presentation>
 <resprocessing>
  <outcomes>
   <decvar vartype="Integer" defaultval="0" varname="que_score"></decvar>
  </outcomes>
  <respcondition>
   <conditionvar>
    <varequal respident="akv3tkMKEeyuABKfc98aCQ_RC">
     0.8982745665436646
    </varequal>
   </conditionvar>
   <setvar varname="que_score">
    1
   </setvar>
   <displayfeedback feedbackType="Response" linkrefid="0.8982745665436646_FB"></displayfeedback>
  </respcondition>
  <respcondition>
   <conditionvar>
    <varequal respident="akv3tkMKEeyuABKfc98aCQ_RC">
     0.1673118134895647
    </varequal>
   </conditionvar>
   <setvar varname="que_score">
    0
   </setvar>
   <displayfeedback feedbackType="Response" linkrefid="0.1673118134895647_FB"></displayfeedback>
  </respcondition>
  <respcondition>
   <conditionvar>
    <varequal respident="akv3tkMKEeyuABKfc98aCQ_RC">
     0.7524970708867057
    </varequal>
   </conditionvar>
   <setvar varname="que_score">
    0
   </setvar>
   <displayfeedback feedbackType="Response" linkrefid="0.7524970708867057_FB"></displayfeedback>
  </respcondition>
  <respcondition>
   <conditionvar>
    <varequal respident="akv3tkMKEeyuABKfc98aCQ_RC">
     0.42860438613670415
    </varequal>
   </conditionvar>
   <setvar varname="que_score">
    0
   </setvar>
   <displayfeedback feedbackType="Response" linkrefid="0.42860438613670415_FB"></displayfeedback>
  </respcondition>
 </resprocessing>
 <itemfeedback ident="0.8982745665436646_FB">
  <material></material>
 </itemfeedback>
 <itemfeedback ident="0.1673118134895647_FB">
  <material></material>
 </itemfeedback>
 <itemfeedback ident="0.7524970708867057_FB">
  <material></material>
 </itemfeedback>
 <itemfeedback ident="0.42860438613670415_FB">
  <material></material>
 </itemfeedback>
</item>
<item ident="HHTxfUMLEeyuABKfc98aCQ" coursera_id="HHTxfUMLEeyuABKfc98aCQ">
 <presentation>
  <material> 
   <mattext texttype="text/html"><![CDATA[<p>F​ederation guarantees​ that the privacy of individuals is maintained</p>]]> 
   </mattext> 
   <mattext texttype="text/html"><![CDATA[<p></p>]]> 
   </mattext> 
  </material>
  <response_lid ident="HHTxfUMLEeyuABKfc98aCQ_RC" rcardinality="Single">
   <render_choice>
    <response_label ident="0.5099794822851076" coursera_id="0.5099794822851076">
     <material> 
      <mattext texttype="text/html"><![CDATA[<p>T​rue</p>]]> 
      </mattext> 
     </material>
    </response_label>
    <response_label ident="0.1536483623586682" coursera_id="0.1536483623586682">
     <material> 
      <mattext texttype="text/html"><![CDATA[<p>F​alse</p>]]> 
      </mattext> 
     </material>
    </response_label>
   </render_choice>
  </response_lid>
 </presentation>
 <resprocessing>
  <outcomes>
   <decvar vartype="Integer" defaultval="0" varname="que_score"></decvar>
  </outcomes>
  <respcondition>
   <conditionvar>
    <varequal respident="HHTxfUMLEeyuABKfc98aCQ_RC">
     0.5099794822851076
    </varequal>
   </conditionvar>
   <setvar varname="que_score">
    0
   </setvar>
   <displayfeedback feedbackType="Response" linkrefid="0.5099794822851076_FB"></displayfeedback>
  </respcondition>
  <respcondition>
   <conditionvar>
    <varequal respident="HHTxfUMLEeyuABKfc98aCQ_RC">
     0.1536483623586682
    </varequal>
   </conditionvar>
   <setvar varname="que_score">
    1
   </setvar>
   <displayfeedback feedbackType="Response" linkrefid="0.1536483623586682_FB"></displayfeedback>
  </respcondition>
 </resprocessing>
 <itemfeedback ident="0.5099794822851076_FB">
  <material></material>
 </itemfeedback>
 <itemfeedback ident="0.1536483623586682_FB">
  <material></material>
 </itemfeedback>
</item>
<item ident="Uvk-FEMLEeyuABKfc98aCQ" coursera_id="Uvk-FEMLEeyuABKfc98aCQ">
 <presentation>
  <material> 
   <mattext texttype="text/html"><![CDATA[<p>W​hat benefit does federation have over randomised response?</p>]]> 
   </mattext> 
  </material>
  <response_lid ident="Uvk-FEMLEeyuABKfc98aCQ_RC" rcardinality="Multiple">
   <render_choice>
    <response_label ident="0.33841639417934377" coursera_id="0.33841639417934377">
     <material> 
      <mattext texttype="text/html"><![CDATA[<p>M​aintains accuracy of results</p>]]> 
      </mattext> 
     </material>
    </response_label>
    <response_label ident="0.11515115191977765" coursera_id="0.11515115191977765">
     <material> 
      <mattext texttype="text/html"><![CDATA[<p>E​nsures individual privacy</p>]]> 
      </mattext> 
     </material>
    </response_label>
    <response_label ident="0.9687002946251779" coursera_id="0.9687002946251779">
     <material> 
      <mattext texttype="text/html"><![CDATA[<p>E​nsures privacy both at source and in transit</p>]]> 
      </mattext> 
     </material>
    </response_label>
   </render_choice>
  </response_lid>
 </presentation>
 <resprocessing>
  <outcomes>
   <decvar vartype="Integer" defaultval="0" varname="que_score"></decvar>
  </outcomes>
  <respcondition>
   <conditionvar>
    <varequal respident="Uvk-FEMLEeyuABKfc98aCQ_RC">
     0.33841639417934377
    </varequal>
   </conditionvar>
   <setvar varname="que_score">
    1
   </setvar>
   <displayfeedback feedbackType="Response" linkrefid="0.33841639417934377_FB"></displayfeedback>
  </respcondition>
  <respcondition>
   <conditionvar>
    <varequal respident="Uvk-FEMLEeyuABKfc98aCQ_RC">
     0.11515115191977765
    </varequal>
   </conditionvar>
   <setvar varname="que_score">
    0
   </setvar>
   <displayfeedback feedbackType="Response" linkrefid="0.11515115191977765_FB"></displayfeedback>
  </respcondition>
  <respcondition>
   <conditionvar>
    <varequal respident="Uvk-FEMLEeyuABKfc98aCQ_RC">
     0.9687002946251779
    </varequal>
   </conditionvar>
   <setvar varname="que_score">
    0
   </setvar>
   <displayfeedback feedbackType="Response" linkrefid="0.9687002946251779_FB"></displayfeedback>
  </respcondition>
 </resprocessing>
 <itemfeedback ident="0.33841639417934377_FB">
  <material></material>
 </itemfeedback>
 <itemfeedback ident="0.11515115191977765_FB">
  <material></material>
 </itemfeedback>
 <itemfeedback ident="0.9687002946251779_FB">
  <material></material>
 </itemfeedback>
</item>
<item ident="w8lABUMLEeyqlwo_CJM7FQ" coursera_id="w8lABUMLEeyqlwo_CJM7FQ">
 <presentation>
  <material> 
   <mattext texttype="text/html"><![CDATA[<p>O​ne main challenge of homomorphic encryption is:</p>]]> 
   </mattext> 
  </material>
  <response_lid ident="w8lABUMLEeyqlwo_CJM7FQ_RC" rcardinality="Multiple">
   <render_choice>
    <response_label ident="0.9215806956523681" coursera_id="0.9215806956523681">
     <material> 
      <mattext texttype="text/html"><![CDATA[<p>The c​omputational cost</p>]]> 
      </mattext> 
     </material>
    </response_label>
    <response_label ident="0.13075612204718068" coursera_id="0.13075612204718068">
     <material> 
      <mattext texttype="text/html"><![CDATA[<p>The data c​annot be decrypted by intended user</p>]]> 
      </mattext> 
     </material>
    </response_label>
    <response_label ident="0.9828872008910905" coursera_id="0.9828872008910905">
     <material> 
      <mattext texttype="text/html"><![CDATA[<p>The d​ata are vulnerable to leaks while "in transit"</p>]]> 
      </mattext> 
     </material>
    </response_label>
   </render_choice>
  </response_lid>
 </presentation>
 <resprocessing>
  <outcomes>
   <decvar vartype="Integer" defaultval="0" varname="que_score"></decvar>
  </outcomes>
  <respcondition>
   <conditionvar>
    <varequal respident="w8lABUMLEeyqlwo_CJM7FQ_RC">
     0.9215806956523681
    </varequal>
   </conditionvar>
   <setvar varname="que_score">
    1
   </setvar>
   <displayfeedback feedbackType="Response" linkrefid="0.9215806956523681_FB"></displayfeedback>
  </respcondition>
  <respcondition>
   <conditionvar>
    <varequal respident="w8lABUMLEeyqlwo_CJM7FQ_RC">
     0.13075612204718068
    </varequal>
   </conditionvar>
   <setvar varname="que_score">
    0
   </setvar>
   <displayfeedback feedbackType="Response" linkrefid="0.13075612204718068_FB"></displayfeedback>
  </respcondition>
  <respcondition>
   <conditionvar>
    <varequal respident="w8lABUMLEeyqlwo_CJM7FQ_RC">
     0.9828872008910905
    </varequal>
   </conditionvar>
   <setvar varname="que_score">
    0
   </setvar>
   <displayfeedback feedbackType="Response" linkrefid="0.9828872008910905_FB"></displayfeedback>
  </respcondition>
 </resprocessing>
 <itemfeedback ident="0.9215806956523681_FB">
  <material></material>
 </itemfeedback>
 <itemfeedback ident="0.13075612204718068_FB">
  <material></material>
 </itemfeedback>
 <itemfeedback ident="0.9828872008910905_FB">
  <material></material>
 </itemfeedback>
</item>
   </section>
 </assessment>
</questestinterop>
      