<?xml version="1.0" encoding="UTF-8"?>
<questestinterop>
 <assessment title="QuizExport" ident="A1001">
   <section title="Main" ident="S1001">
     <item ident="Jx3CWDiqEey9bxJugU9X4Q" coursera_id="Jx3CWDiqEey9bxJugU9X4Q">
 <presentation>
  <material> 
   <mattext texttype="text/html"><![CDATA[<p>Using a collection of previously labelled objects and their descriptions to attaching a label to a new object is called:</p>]]> 
   </mattext> 
  </material>
  <response_lid ident="Jx3CWDiqEey9bxJugU9X4Q_RC" rcardinality="Single">
   <render_choice>
    <response_label ident="0.44170045998188523" coursera_id="0.44170045998188523">
     <material> 
      <mattext texttype="text/html"><![CDATA[<p>A​ classification problem</p>]]> 
      </mattext> 
     </material>
    </response_label>
    <response_label ident="0.37218187900572763" coursera_id="0.37218187900572763">
     <material> 
      <mattext texttype="text/html"><![CDATA[<p>A​ sorting problem</p>]]> 
      </mattext> 
     </material>
    </response_label>
    <response_label ident="0.6612577323233474" coursera_id="0.6612577323233474">
     <material> 
      <mattext texttype="text/html"><![CDATA[<p>A​ clustering problem</p>]]> 
      </mattext> 
     </material>
    </response_label>
    <response_label ident="0.7841858940109275" coursera_id="0.7841858940109275">
     <material> 
      <mattext texttype="text/html"><![CDATA[<p>A​ stable matching problem</p>]]> 
      </mattext> 
     </material>
    </response_label>
   </render_choice>
  </response_lid>
 </presentation>
 <resprocessing>
  <outcomes>
   <decvar vartype="Integer" defaultval="0" varname="que_score"></decvar>
  </outcomes>
  <respcondition>
   <conditionvar>
    <varequal respident="Jx3CWDiqEey9bxJugU9X4Q_RC">
     0.44170045998188523
    </varequal>
   </conditionvar>
   <setvar varname="que_score">
    1
   </setvar>
   <displayfeedback feedbackType="Response" linkrefid="0.44170045998188523_FB"></displayfeedback>
  </respcondition>
  <respcondition>
   <conditionvar>
    <varequal respident="Jx3CWDiqEey9bxJugU9X4Q_RC">
     0.37218187900572763
    </varequal>
   </conditionvar>
   <setvar varname="que_score">
    0
   </setvar>
   <displayfeedback feedbackType="Response" linkrefid="0.37218187900572763_FB"></displayfeedback>
  </respcondition>
  <respcondition>
   <conditionvar>
    <varequal respident="Jx3CWDiqEey9bxJugU9X4Q_RC">
     0.6612577323233474
    </varequal>
   </conditionvar>
   <setvar varname="que_score">
    0
   </setvar>
   <displayfeedback feedbackType="Response" linkrefid="0.6612577323233474_FB"></displayfeedback>
  </respcondition>
  <respcondition>
   <conditionvar>
    <varequal respident="Jx3CWDiqEey9bxJugU9X4Q_RC">
     0.7841858940109275
    </varequal>
   </conditionvar>
   <setvar varname="que_score">
    0
   </setvar>
   <displayfeedback feedbackType="Response" linkrefid="0.7841858940109275_FB"></displayfeedback>
  </respcondition>
 </resprocessing>
 <itemfeedback ident="0.44170045998188523_FB">
  <material></material>
 </itemfeedback>
 <itemfeedback ident="0.37218187900572763_FB">
  <material></material>
 </itemfeedback>
 <itemfeedback ident="0.6612577323233474_FB">
  <material></material>
 </itemfeedback>
 <itemfeedback ident="0.7841858940109275_FB">
  <material></material>
 </itemfeedback>
</item>
<item ident="tUArkjiqEeyJ4QpUPnYlow" coursera_id="tUArkjiqEeyJ4QpUPnYlow">
 <presentation>
  <material> 
   <mattext texttype="text/html"><![CDATA[<p>I​n a supervised learning problem, the labels for the "training" objects used to fit or train a model are:</p>]]> 
   </mattext> 
  </material>
  <response_lid ident="tUArkjiqEeyJ4QpUPnYlow_RC" rcardinality="Single">
   <render_choice>
    <response_label ident="0.583719251004131" coursera_id="0.583719251004131">
     <material> 
      <mattext texttype="text/html"><![CDATA[<p>K​nown</p>]]> 
      </mattext> 
     </material>
    </response_label>
    <response_label ident="0.8653816604994506" coursera_id="0.8653816604994506">
     <material> 
      <mattext texttype="text/html"><![CDATA[<p>U​nknown</p>]]> 
      </mattext> 
     </material>
    </response_label>
   </render_choice>
  </response_lid>
 </presentation>
 <resprocessing>
  <outcomes>
   <decvar vartype="Integer" defaultval="0" varname="que_score"></decvar>
  </outcomes>
  <respcondition>
   <conditionvar>
    <varequal respident="tUArkjiqEeyJ4QpUPnYlow_RC">
     0.583719251004131
    </varequal>
   </conditionvar>
   <setvar varname="que_score">
    1
   </setvar>
   <displayfeedback feedbackType="Response" linkrefid="0.583719251004131_FB"></displayfeedback>
  </respcondition>
  <respcondition>
   <conditionvar>
    <varequal respident="tUArkjiqEeyJ4QpUPnYlow_RC">
     0.8653816604994506
    </varequal>
   </conditionvar>
   <setvar varname="que_score">
    0
   </setvar>
   <displayfeedback feedbackType="Response" linkrefid="0.8653816604994506_FB"></displayfeedback>
  </respcondition>
 </resprocessing>
 <itemfeedback ident="0.583719251004131_FB">
  <material></material>
 </itemfeedback>
 <itemfeedback ident="0.8653816604994506_FB">
  <material></material>
 </itemfeedback>
</item>
<item ident="Hhu81DirEey9bxJugU9X4Q" coursera_id="Hhu81DirEey9bxJugU9X4Q">
 <presentation>
  <material> 
   <mattext texttype="text/html"><![CDATA[<p>W​hich of the following stages comes latest in the data science pipeline, as introduced in this course?</p>]]> 
   </mattext> 
  </material>
  <response_lid ident="Hhu81DirEey9bxJugU9X4Q_RC" rcardinality="Single">
   <render_choice>
    <response_label ident="0.10918382405233351" coursera_id="0.10918382405233351">
     <material> 
      <mattext texttype="text/html"><![CDATA[<p>Model deployment</p>]]> 
      </mattext> 
     </material>
    </response_label>
    <response_label ident="0.6574011096468345" coursera_id="0.6574011096468345">
     <material> 
      <mattext texttype="text/html"><![CDATA[<p>P​roblem formulation</p>]]> 
      </mattext> 
     </material>
    </response_label>
    <response_label ident="0.3442812551521267" coursera_id="0.3442812551521267">
     <material> 
      <mattext texttype="text/html"><![CDATA[<p>M​odel training and selection</p>]]> 
      </mattext> 
     </material>
    </response_label>
    <response_label ident="0.23982333918450438" coursera_id="0.23982333918450438">
     <material> 
      <mattext texttype="text/html"><![CDATA[<p>M​onitoring</p>]]> 
      </mattext> 
     </material>
    </response_label>
   </render_choice>
  </response_lid>
 </presentation>
 <resprocessing>
  <outcomes>
   <decvar vartype="Integer" defaultval="0" varname="que_score"></decvar>
  </outcomes>
  <respcondition>
   <conditionvar>
    <varequal respident="Hhu81DirEey9bxJugU9X4Q_RC">
     0.10918382405233351
    </varequal>
   </conditionvar>
   <setvar varname="que_score">
    0
   </setvar>
   <displayfeedback feedbackType="Response" linkrefid="0.10918382405233351_FB"></displayfeedback>
  </respcondition>
  <respcondition>
   <conditionvar>
    <varequal respident="Hhu81DirEey9bxJugU9X4Q_RC">
     0.6574011096468345
    </varequal>
   </conditionvar>
   <setvar varname="que_score">
    0
   </setvar>
   <displayfeedback feedbackType="Response" linkrefid="0.6574011096468345_FB"></displayfeedback>
  </respcondition>
  <respcondition>
   <conditionvar>
    <varequal respident="Hhu81DirEey9bxJugU9X4Q_RC">
     0.3442812551521267
    </varequal>
   </conditionvar>
   <setvar varname="que_score">
    0
   </setvar>
   <displayfeedback feedbackType="Response" linkrefid="0.3442812551521267_FB"></displayfeedback>
  </respcondition>
  <respcondition>
   <conditionvar>
    <varequal respident="Hhu81DirEey9bxJugU9X4Q_RC">
     0.23982333918450438
    </varequal>
   </conditionvar>
   <setvar varname="que_score">
    1
   </setvar>
   <displayfeedback feedbackType="Response" linkrefid="0.23982333918450438_FB"></displayfeedback>
  </respcondition>
 </resprocessing>
 <itemfeedback ident="0.10918382405233351_FB">
  <material></material>
 </itemfeedback>
 <itemfeedback ident="0.6574011096468345_FB">
  <material></material>
 </itemfeedback>
 <itemfeedback ident="0.3442812551521267_FB">
  <material></material>
 </itemfeedback>
 <itemfeedback ident="0.23982333918450438_FB">
  <material></material>
 </itemfeedback>
</item>
<item ident="McNdszisEey9bxJugU9X4Q" coursera_id="McNdszisEey9bxJugU9X4Q">
 <presentation>
  <material> 
   <mattext texttype="text/html"><![CDATA[<p>A​t which stages in the data science pipeline can ethical risks occur?</p>]]> 
   </mattext> 
  </material>
  <response_lid ident="McNdszisEey9bxJugU9X4Q_RC" rcardinality="Multiple">
   <render_choice>
    <response_label ident="0.9615822787034384" coursera_id="0.9615822787034384">
     <material> 
      <mattext texttype="text/html"><![CDATA[<p>D​ata collection</p>]]> 
      </mattext> 
     </material>
    </response_label>
    <response_label ident="0.12541095818578818" coursera_id="0.12541095818578818">
     <material> 
      <mattext texttype="text/html"><![CDATA[<p>Data preprocessing</p>]]> 
      </mattext> 
     </material>
    </response_label>
    <response_label ident="0.6549303443354514" coursera_id="0.6549303443354514">
     <material> 
      <mattext texttype="text/html"><![CDATA[<p>P​roblem formulation</p>]]> 
      </mattext> 
     </material>
    </response_label>
    <response_label ident="0.4870662473181405" coursera_id="0.4870662473181405">
     <material> 
      <mattext texttype="text/html"><![CDATA[<p>F​eature engineering</p>]]> 
      </mattext> 
     </material>
    </response_label>
    <response_label ident="0.9220556884088651" coursera_id="0.9220556884088651">
     <material> 
      <mattext texttype="text/html"><![CDATA[<p>M​odel training and selection</p>]]> 
      </mattext> 
     </material>
    </response_label>
    <response_label ident="0.9196536872548685" coursera_id="0.9196536872548685">
     <material> 
      <mattext texttype="text/html"><![CDATA[<p>M​odel deployment</p>]]> 
      </mattext> 
     </material>
    </response_label>
    <response_label ident="0.8225120068168622" coursera_id="0.8225120068168622">
     <material> 
      <mattext texttype="text/html"><![CDATA[<p>M​onitoring</p>]]> 
      </mattext> 
     </material>
    </response_label>
   </render_choice>
  </response_lid>
 </presentation>
 <resprocessing>
  <outcomes>
   <decvar vartype="Integer" defaultval="0" varname="que_score"></decvar>
  </outcomes>
  <respcondition>
   <conditionvar>
    <varequal respident="McNdszisEey9bxJugU9X4Q_RC">
     0.9615822787034384
    </varequal>
   </conditionvar>
   <setvar varname="que_score">
    1
   </setvar>
   <displayfeedback feedbackType="Response" linkrefid="0.9615822787034384_FB"></displayfeedback>
  </respcondition>
  <respcondition>
   <conditionvar>
    <varequal respident="McNdszisEey9bxJugU9X4Q_RC">
     0.12541095818578818
    </varequal>
   </conditionvar>
   <setvar varname="que_score">
    1
   </setvar>
   <displayfeedback feedbackType="Response" linkrefid="0.12541095818578818_FB"></displayfeedback>
  </respcondition>
  <respcondition>
   <conditionvar>
    <varequal respident="McNdszisEey9bxJugU9X4Q_RC">
     0.6549303443354514
    </varequal>
   </conditionvar>
   <setvar varname="que_score">
    1
   </setvar>
   <displayfeedback feedbackType="Response" linkrefid="0.6549303443354514_FB"></displayfeedback>
  </respcondition>
  <respcondition>
   <conditionvar>
    <varequal respident="McNdszisEey9bxJugU9X4Q_RC">
     0.4870662473181405
    </varequal>
   </conditionvar>
   <setvar varname="que_score">
    1
   </setvar>
   <displayfeedback feedbackType="Response" linkrefid="0.4870662473181405_FB"></displayfeedback>
  </respcondition>
  <respcondition>
   <conditionvar>
    <varequal respident="McNdszisEey9bxJugU9X4Q_RC">
     0.9220556884088651
    </varequal>
   </conditionvar>
   <setvar varname="que_score">
    1
   </setvar>
   <displayfeedback feedbackType="Response" linkrefid="0.9220556884088651_FB"></displayfeedback>
  </respcondition>
  <respcondition>
   <conditionvar>
    <varequal respident="McNdszisEey9bxJugU9X4Q_RC">
     0.9196536872548685
    </varequal>
   </conditionvar>
   <setvar varname="que_score">
    1
   </setvar>
   <displayfeedback feedbackType="Response" linkrefid="0.9196536872548685_FB"></displayfeedback>
  </respcondition>
  <respcondition>
   <conditionvar>
    <varequal respident="McNdszisEey9bxJugU9X4Q_RC">
     0.8225120068168622
    </varequal>
   </conditionvar>
   <setvar varname="que_score">
    1
   </setvar>
   <displayfeedback feedbackType="Response" linkrefid="0.8225120068168622_FB"></displayfeedback>
  </respcondition>
 </resprocessing>
 <itemfeedback ident="0.9615822787034384_FB">
  <material></material>
 </itemfeedback>
 <itemfeedback ident="0.12541095818578818_FB">
  <material></material>
 </itemfeedback>
 <itemfeedback ident="0.6549303443354514_FB">
  <material></material>
 </itemfeedback>
 <itemfeedback ident="0.4870662473181405_FB">
  <material></material>
 </itemfeedback>
 <itemfeedback ident="0.9220556884088651_FB">
  <material></material>
 </itemfeedback>
 <itemfeedback ident="0.9196536872548685_FB">
  <material></material>
 </itemfeedback>
 <itemfeedback ident="0.8225120068168622_FB">
  <material></material>
 </itemfeedback>
</item>
<item ident="hp2OpT2FEeymGg6els8ioQ" coursera_id="hp2OpT2FEeymGg6els8ioQ">
 <presentation>
  <material> 
   <mattext texttype="text/html"><![CDATA[<p>An adult patient dataset comprises measurements of age, gender, height, weight, as well as whether patients recovered from a serious medical condition that occurs more often in men, after being given a certain treatment. The data were collected via an anonymous survey and the patients could choose not to answer. You inspect the data and find out that the weight information was not disclosed for 30% of the patients. Which of the following mitigations might introduce ethical risk? (Note: although this question can be answered with the help of formal statistical concepts, for now just try to use common sense).</p>]]> 
   </mattext> 
  </material>
  <response_lid ident="hp2OpT2FEeymGg6els8ioQ_RC" rcardinality="Multiple">
   <render_choice>
    <response_label ident="0.6742529478893065" coursera_id="0.6742529478893065">
     <material> 
      <mattext texttype="text/html"><![CDATA[<p>Ignore all the rows (patients) where the weight information is missing.</p>]]> 
      </mattext> 
     </material>
    </response_label>
    <response_label ident="0.644066283771884" coursera_id="0.644066283771884">
     <material> 
      <mattext texttype="text/html"><![CDATA[<p>Fill in the missing values with the average value across the whole patient dataset.</p>]]> 
      </mattext> 
     </material>
    </response_label>
    <response_label ident="0.4393500239455832" coursera_id="0.4393500239455832">
     <material> 
      <mattext texttype="text/html"><![CDATA[<p>Delete the weight variable altogether</p>]]> 
      </mattext> 
     </material>
    </response_label>
   </render_choice>
  </response_lid>
 </presentation>
 <resprocessing>
  <outcomes>
   <decvar vartype="Integer" defaultval="0" varname="que_score"></decvar>
  </outcomes>
  <respcondition>
   <conditionvar>
    <varequal respident="hp2OpT2FEeymGg6els8ioQ_RC">
     0.6742529478893065
    </varequal>
   </conditionvar>
   <setvar varname="que_score">
    1
   </setvar>
   <displayfeedback feedbackType="Response" linkrefid="0.6742529478893065_FB"></displayfeedback>
  </respcondition>
  <respcondition>
   <conditionvar>
    <varequal respident="hp2OpT2FEeymGg6els8ioQ_RC">
     0.644066283771884
    </varequal>
   </conditionvar>
   <setvar varname="que_score">
    1
   </setvar>
   <displayfeedback feedbackType="Response" linkrefid="0.644066283771884_FB"></displayfeedback>
  </respcondition>
  <respcondition>
   <conditionvar>
    <varequal respident="hp2OpT2FEeymGg6els8ioQ_RC">
     0.4393500239455832
    </varequal>
   </conditionvar>
   <setvar varname="que_score">
    1
   </setvar>
   <displayfeedback feedbackType="Response" linkrefid="0.4393500239455832_FB"></displayfeedback>
  </respcondition>
 </resprocessing>
 <itemfeedback ident="0.6742529478893065_FB">
  <material> 
   <mattext texttype="text/html"><![CDATA[<p>If the patients who decided not to disclose their weight are not a random representative sample of the patient population, this might bias the answers in ways that disadvantage those patients. For example, if patients over or under a certain weight prefer not to disclose their weight, and the treatment fails to work for just these patients, a misleading answer could be given by ignoring these rows. </p>]]> 
   </mattext> 
  </material>
 </itemfeedback>
 <itemfeedback ident="0.644066283771884_FB">
  <material> 
   <mattext texttype="text/html"><![CDATA[<p>Women tend to weigh less than men, which would result in their imputed values being biased upwards. Given women are under-represented in this dataset because the disease occurs more frequently in men, this would result in considerable bias in the weight values for women vs men.</p>]]> 
   </mattext> 
  </material>
 </itemfeedback>
 <itemfeedback ident="0.4393500239455832_FB">
  <material> 
   <mattext texttype="text/html"><![CDATA[<p>Although simple solutions like the ones listed above incur possibility of bias and hence harm, we would have to ascertain whether more advanced methods can mitigate the risk further, and following that step, whether the residual risk is worth taking in return for the patient benefit that might result from using the weight information on the remaining 70% of patients. This will also depend on the use of the model: what decisions will be made on its basis, and what is the cost of a mistake?</p>]]> 
   </mattext> 
  </material>
 </itemfeedback>
</item>
   </section>
 </assessment>
</questestinterop>
      