<?xml version="1.0" encoding="UTF-8"?>
<questestinterop>
 <assessment title="QuizExport" ident="A1001">
   <section title="Main" ident="S1001">
     <item ident="VPpeZj2NEeymGg6els8ioQ" coursera_id="VPpeZj2NEeymGg6els8ioQ">
 <presentation>
  <material> 
   <mattext texttype="text/html"><![CDATA[<p>Which of the following areas have been placed under moratoria (i.e., refusal to do research in this space) by certain AI and DS organisations?</p>]]> 
   </mattext> 
  </material>
  <response_lid ident="VPpeZj2NEeymGg6els8ioQ_RC" rcardinality="Single">
   <render_choice>
    <response_label ident="0.02013746132351657" coursera_id="0.02013746132351657">
     <material> 
      <mattext texttype="text/html"><![CDATA[<p>News recommender systems</p>]]> 
      </mattext> 
     </material>
    </response_label>
    <response_label ident="0.9790510914987893" coursera_id="0.9790510914987893">
     <material> 
      <mattext texttype="text/html"><![CDATA[<p>Autonomous weapons</p>]]> 
      </mattext> 
     </material>
    </response_label>
    <response_label ident="0.17827336503144053" coursera_id="0.17827336503144053">
     <material> 
      <mattext texttype="text/html"><![CDATA[<p>Credit scoring prediction</p>]]> 
      </mattext> 
     </material>
    </response_label>
   </render_choice>
  </response_lid>
 </presentation>
 <resprocessing>
  <outcomes>
   <decvar vartype="Integer" defaultval="0" varname="que_score"></decvar>
  </outcomes>
  <respcondition>
   <conditionvar>
    <varequal respident="VPpeZj2NEeymGg6els8ioQ_RC">
     0.02013746132351657
    </varequal>
   </conditionvar>
   <setvar varname="que_score">
    0
   </setvar>
   <displayfeedback feedbackType="Response" linkrefid="0.02013746132351657_FB"></displayfeedback>
  </respcondition>
  <respcondition>
   <conditionvar>
    <varequal respident="VPpeZj2NEeymGg6els8ioQ_RC">
     0.9790510914987893
    </varequal>
   </conditionvar>
   <setvar varname="que_score">
    1
   </setvar>
   <displayfeedback feedbackType="Response" linkrefid="0.9790510914987893_FB"></displayfeedback>
  </respcondition>
  <respcondition>
   <conditionvar>
    <varequal respident="VPpeZj2NEeymGg6els8ioQ_RC">
     0.17827336503144053
    </varequal>
   </conditionvar>
   <setvar varname="que_score">
    0
   </setvar>
   <displayfeedback feedbackType="Response" linkrefid="0.17827336503144053_FB"></displayfeedback>
  </respcondition>
 </resprocessing>
 <itemfeedback ident="0.02013746132351657_FB">
  <material></material>
 </itemfeedback>
 <itemfeedback ident="0.9790510914987893_FB">
  <material></material>
 </itemfeedback>
 <itemfeedback ident="0.17827336503144053_FB">
  <material></material>
 </itemfeedback>
</item>
   </section>
 </assessment>
</questestinterop>
      