<?xml version="1.0" encoding="UTF-8"?>
<questestinterop>
 <assessment title="QuizExport" ident="A1001">
   <section title="Main" ident="S1001">
     <item ident="ZKfoDEh9Eeyzngp95hJ5zw" coursera_id="ZKfoDEh9Eeyzngp95hJ5zw">
 <presentation>
  <material> 
   <mattext texttype="text/html"><![CDATA[<p>word2vec is a software which:</p>]]> 
   </mattext> 
  </material>
  <response_lid ident="ZKfoDEh9Eeyzngp95hJ5zw_RC" rcardinality="Single">
   <render_choice>
    <response_label ident="0.5357607707461731" coursera_id="0.5357607707461731">
     <material> 
      <mattext texttype="text/html"><![CDATA[<p>represents words as points in a vector space </p>]]> 
      </mattext> 
     </material>
    </response_label>
    <response_label ident="0.44467263359307607" coursera_id="0.44467263359307607">
     <material> 
      <mattext texttype="text/html"><![CDATA[<p>represents words as a binary vector</p>]]> 
      </mattext> 
     </material>
    </response_label>
    <response_label ident="0.9426491431645406" coursera_id="0.9426491431645406">
     <material> 
      <mattext texttype="text/html"><![CDATA[<p>represents words as a vectograph</p>]]> 
      </mattext> 
     </material>
    </response_label>
   </render_choice>
  </response_lid>
 </presentation>
 <resprocessing>
  <outcomes>
   <decvar vartype="Integer" defaultval="0" varname="que_score"></decvar>
  </outcomes>
  <respcondition>
   <conditionvar>
    <varequal respident="ZKfoDEh9Eeyzngp95hJ5zw_RC">
     0.5357607707461731
    </varequal>
   </conditionvar>
   <setvar varname="que_score">
    1
   </setvar>
   <displayfeedback feedbackType="Response" linkrefid="0.5357607707461731_FB"></displayfeedback>
  </respcondition>
  <respcondition>
   <conditionvar>
    <varequal respident="ZKfoDEh9Eeyzngp95hJ5zw_RC">
     0.44467263359307607
    </varequal>
   </conditionvar>
   <setvar varname="que_score">
    0
   </setvar>
   <displayfeedback feedbackType="Response" linkrefid="0.44467263359307607_FB"></displayfeedback>
  </respcondition>
  <respcondition>
   <conditionvar>
    <varequal respident="ZKfoDEh9Eeyzngp95hJ5zw_RC">
     0.9426491431645406
    </varequal>
   </conditionvar>
   <setvar varname="que_score">
    0
   </setvar>
   <displayfeedback feedbackType="Response" linkrefid="0.9426491431645406_FB"></displayfeedback>
  </respcondition>
 </resprocessing>
 <itemfeedback ident="0.5357607707461731_FB">
  <material> 
   <mattext texttype="text/html"><![CDATA[<p>C​orrect!</p>]]> 
   </mattext> 
  </material>
 </itemfeedback>
 <itemfeedback ident="0.44467263359307607_FB">
  <material> 
   <mattext texttype="text/html"><![CDATA[<p>word2vec represents a word as a vector, but this is not necessarily a binary vector.</p>]]> 
   </mattext> 
  </material>
 </itemfeedback>
 <itemfeedback ident="0.9426491431645406_FB">
  <material> 
   <mattext texttype="text/html"><![CDATA[<p>w​ord2vec represents words as points in a vector space. We can visualise this using a 2D or 3D projection, as was shown schematically in the video. However, this plot is not called a vectograph (which is actually a plotting method used to produce 3D films).</p>]]> 
   </mattext> 
  </material>
 </itemfeedback>
</item>
<item ident="STL82kh-Eey0gA6DbIBirQ" coursera_id="STL82kh-Eey0gA6DbIBirQ">
 <presentation>
  <material> 
   <mattext texttype="text/html"><![CDATA[<p>An algorithm algorithm that treats some section of society unfairly might be made more just by:</p>]]> 
   </mattext> 
  </material>
  <response_lid ident="STL82kh-Eey0gA6DbIBirQ_RC" rcardinality="Multiple">
   <render_choice>
    <response_label ident="0.9372451417486842" coursera_id="0.9372451417486842">
     <material> 
      <mattext texttype="text/html"><![CDATA[<p>re-weight the training data </p>]]> 
      </mattext> 
     </material>
    </response_label>
    <response_label ident="0.09174939687674943" coursera_id="0.09174939687674943">
     <material> 
      <mattext texttype="text/html"><![CDATA[<p>re-label the training data </p>]]> 
      </mattext> 
     </material>
    </response_label>
    <response_label ident="0.7725517092364081" coursera_id="0.7725517092364081">
     <material> 
      <mattext texttype="text/html"><![CDATA[<p>update the training data</p>]]> 
      </mattext> 
     </material>
    </response_label>
    <response_label ident="0.15730752731402764" coursera_id="0.15730752731402764">
     <material> 
      <mattext texttype="text/html"><![CDATA[<p>apply a-priori bias corrections</p>]]> 
      </mattext> 
     </material>
    </response_label>
   </render_choice>
  </response_lid>
 </presentation>
 <resprocessing>
  <outcomes>
   <decvar vartype="Integer" defaultval="0" varname="que_score"></decvar>
  </outcomes>
  <respcondition>
   <conditionvar>
    <varequal respident="STL82kh-Eey0gA6DbIBirQ_RC">
     0.9372451417486842
    </varequal>
   </conditionvar>
   <setvar varname="que_score">
    1
   </setvar>
   <displayfeedback feedbackType="Response" linkrefid="0.9372451417486842_FB"></displayfeedback>
  </respcondition>
  <respcondition>
   <conditionvar>
    <varequal respident="STL82kh-Eey0gA6DbIBirQ_RC">
     0.09174939687674943
    </varequal>
   </conditionvar>
   <setvar varname="que_score">
    1
   </setvar>
   <displayfeedback feedbackType="Response" linkrefid="0.09174939687674943_FB"></displayfeedback>
  </respcondition>
  <respcondition>
   <conditionvar>
    <varequal respident="STL82kh-Eey0gA6DbIBirQ_RC">
     0.7725517092364081
    </varequal>
   </conditionvar>
   <setvar varname="que_score">
    1
   </setvar>
   <displayfeedback feedbackType="Response" linkrefid="0.7725517092364081_FB"></displayfeedback>
  </respcondition>
  <respcondition>
   <conditionvar>
    <varequal respident="STL82kh-Eey0gA6DbIBirQ_RC">
     0.15730752731402764
    </varequal>
   </conditionvar>
   <setvar varname="que_score">
    0
   </setvar>
   <displayfeedback feedbackType="Response" linkrefid="0.15730752731402764_FB"></displayfeedback>
  </respcondition>
 </resprocessing>
 <itemfeedback ident="0.9372451417486842_FB">
  <material> 
   <mattext texttype="text/html"><![CDATA[<p>Correct! We can give greater weight to more recent observations or to groups that are under-represented in the training data as compared to the population. </p>]]> 
   </mattext> 
  </material>
 </itemfeedback>
 <itemfeedback ident="0.09174939687674943_FB">
  <material> 
   <mattext texttype="text/html"><![CDATA[<p>C​orrect! If a process has historically been unfair to one group, we might want to retrospectively re-label past cases according to current standards.</p>]]> 
   </mattext> 
  </material>
 </itemfeedback>
 <itemfeedback ident="0.7725517092364081_FB">
  <material> 
   <mattext texttype="text/html"><![CDATA[<p>C​orrect! If a process has historically been unfair to one group and this is no longer the case, we may want to switch to using only more recent training examples.</p>]]> 
   </mattext> 
  </material>
 </itemfeedback>
 <itemfeedback ident="0.15730752731402764_FB">
  <material> 
   <mattext texttype="text/html"><![CDATA[<p>Bias corrections provide a post-hoc (after model fitting) method to account for biases in a fitted model, rather than a-priori method (before any data are observed). </p>]]> 
   </mattext> 
  </material>
 </itemfeedback>
</item>
<item ident="WO6VdEh_EeyUkRIQ3a7Vbw" coursera_id="WO6VdEh_EeyUkRIQ3a7Vbw">
 <presentation>
  <material> 
   <mattext texttype="text/html"><![CDATA[<p>Which of the following are potential effects of a post-hoc bias correction method? </p>]]> 
   </mattext> 
  </material>
  <response_lid ident="WO6VdEh_EeyUkRIQ3a7Vbw_RC" rcardinality="Multiple">
   <render_choice>
    <response_label ident="0.7926476606571559" coursera_id="0.7926476606571559">
     <material> 
      <mattext texttype="text/html"><![CDATA[<p>can reduce model accuracy</p>]]> 
      </mattext> 
     </material>
    </response_label>
    <response_label ident="0.7927782758363369" coursera_id="0.7927782758363369">
     <material> 
      <mattext texttype="text/html"><![CDATA[<p>can increase model accuracy</p>]]> 
      </mattext> 
     </material>
    </response_label>
    <response_label ident="0.8452182585530204" coursera_id="0.8452182585530204">
     <material> 
      <mattext texttype="text/html"><![CDATA[<p>quantifies the difference in treatment between groups</p>]]> 
      </mattext> 
     </material>
    </response_label>
   </render_choice>
  </response_lid>
 </presentation>
 <resprocessing>
  <outcomes>
   <decvar vartype="Integer" defaultval="0" varname="que_score"></decvar>
  </outcomes>
  <respcondition>
   <conditionvar>
    <varequal respident="WO6VdEh_EeyUkRIQ3a7Vbw_RC">
     0.7926476606571559
    </varequal>
   </conditionvar>
   <setvar varname="que_score">
    1
   </setvar>
   <displayfeedback feedbackType="Response" linkrefid="0.7926476606571559_FB"></displayfeedback>
  </respcondition>
  <respcondition>
   <conditionvar>
    <varequal respident="WO6VdEh_EeyUkRIQ3a7Vbw_RC">
     0.7927782758363369
    </varequal>
   </conditionvar>
   <setvar varname="que_score">
    0
   </setvar>
   <displayfeedback feedbackType="Response" linkrefid="0.7927782758363369_FB"></displayfeedback>
  </respcondition>
  <respcondition>
   <conditionvar>
    <varequal respident="WO6VdEh_EeyUkRIQ3a7Vbw_RC">
     0.8452182585530204
    </varequal>
   </conditionvar>
   <setvar varname="que_score">
    1
   </setvar>
   <displayfeedback feedbackType="Response" linkrefid="0.8452182585530204_FB"></displayfeedback>
  </respcondition>
 </resprocessing>
 <itemfeedback ident="0.7926476606571559_FB">
  <material> 
   <mattext texttype="text/html"><![CDATA[<p>C​orrect! Adding an additional model constraint to ensure fairness between groups can reduce the overall accuracy of the model, since a comprimise must be made between the two objectives.</p>]]> 
   </mattext> 
  </material>
 </itemfeedback>
 <itemfeedback ident="0.7927782758363369_FB">
  <material> 
   <mattext texttype="text/html"><![CDATA[<p>Altering a model to include a fairness constraint will not necessarily decrease model accuracy but also will not increase model accuracy.</p>]]> 
   </mattext> 
  </material>
 </itemfeedback>
 <itemfeedback ident="0.8452182585530204_FB">
  <material> 
   <mattext texttype="text/html"><![CDATA[<p>C​orrect! The size of the bias adjustment can indicate the extent to which the groups were historically being treated differently.</p>]]> 
   </mattext> 
  </material>
 </itemfeedback>
</item>
<item ident="V9DUs0iAEey0gA6DbIBirQ" coursera_id="V9DUs0iAEey0gA6DbIBirQ">
 <presentation>
  <material> 
   <mattext texttype="text/html"><![CDATA[<p>A​ moratorium is on a data product is:</p>]]> 
   </mattext> 
  </material>
  <response_lid ident="V9DUs0iAEey0gA6DbIBirQ_RC" rcardinality="Single">
   <render_choice>
    <response_label ident="0.715952022433041" coursera_id="0.715952022433041">
     <material> 
      <mattext texttype="text/html"><![CDATA[<p>A voluntary agreement to stop using a technology or method permanently</p>]]> 
      </mattext> 
     </material>
    </response_label>
    <response_label ident="0.7898096441656675" coursera_id="0.7898096441656675">
     <material> 
      <mattext texttype="text/html"><![CDATA[<p>A compulsory agreement to stop using a technology or method permanently</p>]]> 
      </mattext> 
     </material>
    </response_label>
    <response_label ident="0.4007403499232919" coursera_id="0.4007403499232919">
     <material> 
      <mattext texttype="text/html"><![CDATA[<p>A voluntary agreement to stop using a technology or method temporarily</p>]]> 
      </mattext> 
     </material>
    </response_label>
    <response_label ident="0.29191494446577027" coursera_id="0.29191494446577027">
     <material> 
      <mattext texttype="text/html"><![CDATA[<p>A compulsory agreement to stop using a technology or method temporarily</p>]]> 
      </mattext> 
     </material>
    </response_label>
   </render_choice>
  </response_lid>
 </presentation>
 <resprocessing>
  <outcomes>
   <decvar vartype="Integer" defaultval="0" varname="que_score"></decvar>
  </outcomes>
  <respcondition>
   <conditionvar>
    <varequal respident="V9DUs0iAEey0gA6DbIBirQ_RC">
     0.715952022433041
    </varequal>
   </conditionvar>
   <setvar varname="que_score">
    0
   </setvar>
   <displayfeedback feedbackType="Response" linkrefid="0.715952022433041_FB"></displayfeedback>
  </respcondition>
  <respcondition>
   <conditionvar>
    <varequal respident="V9DUs0iAEey0gA6DbIBirQ_RC">
     0.7898096441656675
    </varequal>
   </conditionvar>
   <setvar varname="que_score">
    0
   </setvar>
   <displayfeedback feedbackType="Response" linkrefid="0.7898096441656675_FB"></displayfeedback>
  </respcondition>
  <respcondition>
   <conditionvar>
    <varequal respident="V9DUs0iAEey0gA6DbIBirQ_RC">
     0.4007403499232919
    </varequal>
   </conditionvar>
   <setvar varname="que_score">
    1
   </setvar>
   <displayfeedback feedbackType="Response" linkrefid="0.4007403499232919_FB"></displayfeedback>
  </respcondition>
  <respcondition>
   <conditionvar>
    <varequal respident="V9DUs0iAEey0gA6DbIBirQ_RC">
     0.29191494446577027
    </varequal>
   </conditionvar>
   <setvar varname="que_score">
    0
   </setvar>
   <displayfeedback feedbackType="Response" linkrefid="0.29191494446577027_FB"></displayfeedback>
  </respcondition>
 </resprocessing>
 <itemfeedback ident="0.715952022433041_FB">
  <material> 
   <mattext texttype="text/html"><![CDATA[<p>This description better describes <em>sunsetting</em>.</p>]]> 
   </mattext> 
  </material>
 </itemfeedback>
 <itemfeedback ident="0.7898096441656675_FB">
  <material> 
   <mattext texttype="text/html"><![CDATA[<p>This description better describes<em> a ban</em>.</p>]]> 
   </mattext> 
  </material>
 </itemfeedback>
 <itemfeedback ident="0.4007403499232919_FB">
  <material> 
   <mattext texttype="text/html"><![CDATA[<p>C​orrect! A moratorium is a temporary, voluntary agreement to stop using a technology or methodology until the issues it poses can be resolved.</p>]]> 
   </mattext> 
  </material>
 </itemfeedback>
 <itemfeedback ident="0.29191494446577027_FB">
  <material> 
   <mattext texttype="text/html"><![CDATA[<p>While a moratorium is temporary, it is a voluntary agreement.</p>]]> 
   </mattext> 
  </material>
 </itemfeedback>
</item>
   </section>
 </assessment>
</questestinterop>
      