<?xml version="1.0" encoding="UTF-8"?>
<questestinterop>
 <assessment title="QuizExport" ident="A1001">
   <section title="Main" ident="S1001">
     <item ident="QzjDuTinEey9bxJugU9X4Q" coursera_id="QzjDuTinEey9bxJugU9X4Q">
 <presentation>
  <material> 
   <mattext texttype="text/html"><![CDATA[<p>W​e saw a Wired article claiming that for the good of society, data scientists need a hippocratic oath with teeth. The hippocratic oath usually applies to practitioners in which field?</p>]]> 
   </mattext> 
  </material>
  <response_lid ident="QzjDuTinEey9bxJugU9X4Q_RC" rcardinality="Single">
   <render_choice>
    <response_label ident="0.6609599706059278" coursera_id="0.6609599706059278">
     <material> 
      <mattext texttype="text/html"><![CDATA[<p>M​edicine</p>]]> 
      </mattext> 
     </material>
    </response_label>
    <response_label ident="0.9598611642583614" coursera_id="0.9598611642583614">
     <material> 
      <mattext texttype="text/html"><![CDATA[<p>L​aw</p>]]> 
      </mattext> 
     </material>
    </response_label>
    <response_label ident="0.07751897413782172" coursera_id="0.07751897413782172">
     <material> 
      <mattext texttype="text/html"><![CDATA[<p>E​ducation</p>]]> 
      </mattext> 
     </material>
    </response_label>
    <response_label ident="0.9180742668438253" coursera_id="0.9180742668438253">
     <material> 
      <mattext texttype="text/html"><![CDATA[<p>E​ngineering</p>]]> 
      </mattext> 
     </material>
    </response_label>
    <response_label ident="0.4618677906427062" coursera_id="0.4618677906427062">
     <material> 
      <mattext texttype="text/html"><![CDATA[<p>P​hilosophy</p>]]> 
      </mattext> 
     </material>
    </response_label>
   </render_choice>
  </response_lid>
 </presentation>
 <resprocessing>
  <outcomes>
   <decvar vartype="Integer" defaultval="0" varname="que_score"></decvar>
  </outcomes>
  <respcondition>
   <conditionvar>
    <varequal respident="QzjDuTinEey9bxJugU9X4Q_RC">
     0.6609599706059278
    </varequal>
   </conditionvar>
   <setvar varname="que_score">
    1
   </setvar>
   <displayfeedback feedbackType="Response" linkrefid="0.6609599706059278_FB"></displayfeedback>
  </respcondition>
  <respcondition>
   <conditionvar>
    <varequal respident="QzjDuTinEey9bxJugU9X4Q_RC">
     0.9598611642583614
    </varequal>
   </conditionvar>
   <setvar varname="que_score">
    0
   </setvar>
   <displayfeedback feedbackType="Response" linkrefid="0.9598611642583614_FB"></displayfeedback>
  </respcondition>
  <respcondition>
   <conditionvar>
    <varequal respident="QzjDuTinEey9bxJugU9X4Q_RC">
     0.07751897413782172
    </varequal>
   </conditionvar>
   <setvar varname="que_score">
    0
   </setvar>
   <displayfeedback feedbackType="Response" linkrefid="0.07751897413782172_FB"></displayfeedback>
  </respcondition>
  <respcondition>
   <conditionvar>
    <varequal respident="QzjDuTinEey9bxJugU9X4Q_RC">
     0.9180742668438253
    </varequal>
   </conditionvar>
   <setvar varname="que_score">
    0
   </setvar>
   <displayfeedback feedbackType="Response" linkrefid="0.9180742668438253_FB"></displayfeedback>
  </respcondition>
  <respcondition>
   <conditionvar>
    <varequal respident="QzjDuTinEey9bxJugU9X4Q_RC">
     0.4618677906427062
    </varequal>
   </conditionvar>
   <setvar varname="que_score">
    0
   </setvar>
   <displayfeedback feedbackType="Response" linkrefid="0.4618677906427062_FB"></displayfeedback>
  </respcondition>
 </resprocessing>
 <itemfeedback ident="0.6609599706059278_FB">
  <material></material>
 </itemfeedback>
 <itemfeedback ident="0.9598611642583614_FB">
  <material></material>
 </itemfeedback>
 <itemfeedback ident="0.07751897413782172_FB">
  <material></material>
 </itemfeedback>
 <itemfeedback ident="0.9180742668438253_FB">
  <material></material>
 </itemfeedback>
 <itemfeedback ident="0.4618677906427062_FB">
  <material></material>
 </itemfeedback>
</item>
<item ident="TuystjinEeyJ4QpUPnYlow" coursera_id="TuystjinEeyJ4QpUPnYlow">
 <presentation>
  <material> 
   <mattext texttype="text/html"><![CDATA[<p>W​hich of the following have been Google mottos?</p>]]> 
   </mattext> 
  </material>
  <response_lid ident="TuystjinEeyJ4QpUPnYlow_RC" rcardinality="Multiple">
   <render_choice>
    <response_label ident="0.7518709964770545" coursera_id="0.7518709964770545">
     <material> 
      <mattext texttype="text/html"><![CDATA[<p>D​on't be evil</p>]]> 
      </mattext> 
     </material>
    </response_label>
    <response_label ident="0.549528441961195" coursera_id="0.549528441961195">
     <material> 
      <mattext texttype="text/html"><![CDATA[<p>Y​ou can make money without being evil</p>]]> 
      </mattext> 
     </material>
    </response_label>
    <response_label ident="0.4083651407260531" coursera_id="0.4083651407260531">
     <material> 
      <mattext texttype="text/html"><![CDATA[<p>D​o only good</p>]]> 
      </mattext> 
     </material>
    </response_label>
    <response_label ident="0.1799795925952551" coursera_id="0.1799795925952551">
     <material> 
      <mattext texttype="text/html"><![CDATA[<p>Y​ou can make money while doing good</p>]]> 
      </mattext> 
     </material>
    </response_label>
    <response_label ident="0.8552910425869078" coursera_id="0.8552910425869078">
     <material> 
      <mattext texttype="text/html"><![CDATA[<p>P​rofit by doing good</p>]]> 
      </mattext> 
     </material>
    </response_label>
   </render_choice>
  </response_lid>
 </presentation>
 <resprocessing>
  <outcomes>
   <decvar vartype="Integer" defaultval="0" varname="que_score"></decvar>
  </outcomes>
  <respcondition>
   <conditionvar>
    <varequal respident="TuystjinEeyJ4QpUPnYlow_RC">
     0.7518709964770545
    </varequal>
   </conditionvar>
   <setvar varname="que_score">
    1
   </setvar>
   <displayfeedback feedbackType="Response" linkrefid="0.7518709964770545_FB"></displayfeedback>
  </respcondition>
  <respcondition>
   <conditionvar>
    <varequal respident="TuystjinEeyJ4QpUPnYlow_RC">
     0.549528441961195
    </varequal>
   </conditionvar>
   <setvar varname="que_score">
    1
   </setvar>
   <displayfeedback feedbackType="Response" linkrefid="0.549528441961195_FB"></displayfeedback>
  </respcondition>
  <respcondition>
   <conditionvar>
    <varequal respident="TuystjinEeyJ4QpUPnYlow_RC">
     0.4083651407260531
    </varequal>
   </conditionvar>
   <setvar varname="que_score">
    0
   </setvar>
   <displayfeedback feedbackType="Response" linkrefid="0.4083651407260531_FB"></displayfeedback>
  </respcondition>
  <respcondition>
   <conditionvar>
    <varequal respident="TuystjinEeyJ4QpUPnYlow_RC">
     0.1799795925952551
    </varequal>
   </conditionvar>
   <setvar varname="que_score">
    0
   </setvar>
   <displayfeedback feedbackType="Response" linkrefid="0.1799795925952551_FB"></displayfeedback>
  </respcondition>
  <respcondition>
   <conditionvar>
    <varequal respident="TuystjinEeyJ4QpUPnYlow_RC">
     0.8552910425869078
    </varequal>
   </conditionvar>
   <setvar varname="que_score">
    0
   </setvar>
   <displayfeedback feedbackType="Response" linkrefid="0.8552910425869078_FB"></displayfeedback>
  </respcondition>
 </resprocessing>
 <itemfeedback ident="0.7518709964770545_FB">
  <material></material>
 </itemfeedback>
 <itemfeedback ident="0.549528441961195_FB">
  <material></material>
 </itemfeedback>
 <itemfeedback ident="0.4083651407260531_FB">
  <material></material>
 </itemfeedback>
 <itemfeedback ident="0.1799795925952551_FB">
  <material></material>
 </itemfeedback>
 <itemfeedback ident="0.8552910425869078_FB">
  <material></material>
 </itemfeedback>
</item>
<item ident="l2usizioEeyJ4QpUPnYlow" coursera_id="l2usizioEeyJ4QpUPnYlow">
 <presentation>
  <material> 
   <mattext texttype="text/html"><![CDATA[<p>I​n which of the following applications might the use of AI lead to harm?</p>]]> 
   </mattext> 
  </material>
  <response_lid ident="l2usizioEeyJ4QpUPnYlow_RC" rcardinality="Multiple">
   <render_choice>
    <response_label ident="0.9164840657853963" coursera_id="0.9164840657853963">
     <material> 
      <mattext texttype="text/html"><![CDATA[<p>Playing chess</p>]]> 
      </mattext> 
     </material>
    </response_label>
    <response_label ident="0.18322992779299385" coursera_id="0.18322992779299385">
     <material> 
      <mattext texttype="text/html"><![CDATA[<p>Controlling autonomous vehicles</p>]]> 
      </mattext> 
     </material>
    </response_label>
    <response_label ident="0.5869802659544251" coursera_id="0.5869802659544251">
     <material> 
      <mattext texttype="text/html"><![CDATA[<p>Shortlisting job applicants for interview</p>]]> 
      </mattext> 
     </material>
    </response_label>
    <response_label ident="0.8220118144137921" coursera_id="0.8220118144137921">
     <material> 
      <mattext texttype="text/html"><![CDATA[<p>C​lassifying pictures as chihuahua or muffins</p>]]> 
      </mattext> 
     </material>
    </response_label>
    <response_label ident="0.8872316021196153" coursera_id="0.8872316021196153">
     <material> 
      <mattext texttype="text/html"><![CDATA[<p>F​acial identification as a dual-factor identification method</p>]]> 
      </mattext> 
     </material>
    </response_label>
   </render_choice>
  </response_lid>
 </presentation>
 <resprocessing>
  <outcomes>
   <decvar vartype="Integer" defaultval="0" varname="que_score"></decvar>
  </outcomes>
  <respcondition>
   <conditionvar>
    <varequal respident="l2usizioEeyJ4QpUPnYlow_RC">
     0.9164840657853963
    </varequal>
   </conditionvar>
   <setvar varname="que_score">
    0
   </setvar>
   <displayfeedback feedbackType="Response" linkrefid="0.9164840657853963_FB"></displayfeedback>
  </respcondition>
  <respcondition>
   <conditionvar>
    <varequal respident="l2usizioEeyJ4QpUPnYlow_RC">
     0.18322992779299385
    </varequal>
   </conditionvar>
   <setvar varname="que_score">
    1
   </setvar>
   <displayfeedback feedbackType="Response" linkrefid="0.18322992779299385_FB"></displayfeedback>
  </respcondition>
  <respcondition>
   <conditionvar>
    <varequal respident="l2usizioEeyJ4QpUPnYlow_RC">
     0.5869802659544251
    </varequal>
   </conditionvar>
   <setvar varname="que_score">
    1
   </setvar>
   <displayfeedback feedbackType="Response" linkrefid="0.5869802659544251_FB"></displayfeedback>
  </respcondition>
  <respcondition>
   <conditionvar>
    <varequal respident="l2usizioEeyJ4QpUPnYlow_RC">
     0.8220118144137921
    </varequal>
   </conditionvar>
   <setvar varname="que_score">
    0
   </setvar>
   <displayfeedback feedbackType="Response" linkrefid="0.8220118144137921_FB"></displayfeedback>
  </respcondition>
  <respcondition>
   <conditionvar>
    <varequal respident="l2usizioEeyJ4QpUPnYlow_RC">
     0.8872316021196153
    </varequal>
   </conditionvar>
   <setvar varname="que_score">
    1
   </setvar>
   <displayfeedback feedbackType="Response" linkrefid="0.8872316021196153_FB"></displayfeedback>
  </respcondition>
 </resprocessing>
 <itemfeedback ident="0.9164840657853963_FB">
  <material></material>
 </itemfeedback>
 <itemfeedback ident="0.18322992779299385_FB">
  <material></material>
 </itemfeedback>
 <itemfeedback ident="0.5869802659544251_FB">
  <material></material>
 </itemfeedback>
 <itemfeedback ident="0.8220118144137921_FB">
  <material></material>
 </itemfeedback>
 <itemfeedback ident="0.8872316021196153_FB">
  <material></material>
 </itemfeedback>
</item>
<item ident="8yADET1CEeyOSAo4cbiwew" coursera_id="8yADET1CEeyOSAo4cbiwew">
 <presentation>
  <material> 
   <mattext texttype="text/html"><![CDATA[<p>Which of the following statements represent a risk and responsible mindset for a data science professional?</p>]]> 
   </mattext> 
  </material>
  <response_lid ident="8yADET1CEeyOSAo4cbiwew_RC" rcardinality="Multiple">
   <render_choice>
    <response_label ident="0.5518632127187941" coursera_id="0.5518632127187941">
     <material> 
      <mattext texttype="text/html"><![CDATA[<p>Only focus on success stories</p>]]> 
      </mattext> 
     </material>
    </response_label>
    <response_label ident="0.8498331745632495" coursera_id="0.8498331745632495">
     <material> 
      <mattext texttype="text/html"><![CDATA[<p>AI is like a knife: it is just a tool, and can cause harm if not used appropriately.</p>]]> 
      </mattext> 
     </material>
    </response_label>
    <response_label ident="0.2320450738814439" coursera_id="0.2320450738814439">
     <material> 
      <mattext texttype="text/html"><![CDATA[<p>The data scientist is best placed to identify potential harms because they understand the technology well. </p>]]> 
      </mattext> 
     </material>
    </response_label>
    <response_label ident="0.25739733779702245" coursera_id="0.25739733779702245">
     <material> 
      <mattext texttype="text/html"><![CDATA[<p>Monitor as much as possible about the data science system both in development and in production</p>]]> 
      </mattext> 
     </material>
    </response_label>
    <response_label ident="0.0055710927526595455" coursera_id="0.0055710927526595455">
     <material> 
      <mattext texttype="text/html"><![CDATA[<p>If we follow best practices and use the latest research, nothing bad can happen.</p>]]> 
      </mattext> 
     </material>
    </response_label>
    <response_label ident="0.7665524749874333" coursera_id="0.7665524749874333">
     <material> 
      <mattext texttype="text/html"><![CDATA[<p>Harmful AI arises from corrupt individuals or teams. Me and my team are committed to doing good. </p>]]> 
      </mattext> 
     </material>
    </response_label>
    <response_label ident="0.25633141981150276" coursera_id="0.25633141981150276">
     <material> 
      <mattext texttype="text/html"><![CDATA[<p>I am not a philosophy or social science graduate, so I will let others worry about this. </p>]]> 
      </mattext> 
     </material>
    </response_label>
    <response_label ident="0.9509161254173135" coursera_id="0.9509161254173135">
     <material> 
      <mattext texttype="text/html"><![CDATA[<p>Always check you have permission to use a dataset for a new analysis, even if you have used it before.</p>]]> 
      </mattext> 
     </material>
    </response_label>
   </render_choice>
  </response_lid>
 </presentation>
 <resprocessing>
  <outcomes>
   <decvar vartype="Integer" defaultval="0" varname="que_score"></decvar>
  </outcomes>
  <respcondition>
   <conditionvar>
    <varequal respident="8yADET1CEeyOSAo4cbiwew_RC">
     0.5518632127187941
    </varequal>
   </conditionvar>
   <setvar varname="que_score">
    0
   </setvar>
   <displayfeedback feedbackType="Response" linkrefid="0.5518632127187941_FB"></displayfeedback>
  </respcondition>
  <respcondition>
   <conditionvar>
    <varequal respident="8yADET1CEeyOSAo4cbiwew_RC">
     0.8498331745632495
    </varequal>
   </conditionvar>
   <setvar varname="que_score">
    0
   </setvar>
   <displayfeedback feedbackType="Response" linkrefid="0.8498331745632495_FB"></displayfeedback>
  </respcondition>
  <respcondition>
   <conditionvar>
    <varequal respident="8yADET1CEeyOSAo4cbiwew_RC">
     0.2320450738814439
    </varequal>
   </conditionvar>
   <setvar varname="que_score">
    1
   </setvar>
   <displayfeedback feedbackType="Response" linkrefid="0.2320450738814439_FB"></displayfeedback>
  </respcondition>
  <respcondition>
   <conditionvar>
    <varequal respident="8yADET1CEeyOSAo4cbiwew_RC">
     0.25739733779702245
    </varequal>
   </conditionvar>
   <setvar varname="que_score">
    1
   </setvar>
   <displayfeedback feedbackType="Response" linkrefid="0.25739733779702245_FB"></displayfeedback>
  </respcondition>
  <respcondition>
   <conditionvar>
    <varequal respident="8yADET1CEeyOSAo4cbiwew_RC">
     0.0055710927526595455
    </varequal>
   </conditionvar>
   <setvar varname="que_score">
    0
   </setvar>
   <displayfeedback feedbackType="Response" linkrefid="0.0055710927526595455_FB"></displayfeedback>
  </respcondition>
  <respcondition>
   <conditionvar>
    <varequal respident="8yADET1CEeyOSAo4cbiwew_RC">
     0.7665524749874333
    </varequal>
   </conditionvar>
   <setvar varname="que_score">
    0
   </setvar>
   <displayfeedback feedbackType="Response" linkrefid="0.7665524749874333_FB"></displayfeedback>
  </respcondition>
  <respcondition>
   <conditionvar>
    <varequal respident="8yADET1CEeyOSAo4cbiwew_RC">
     0.25633141981150276
    </varequal>
   </conditionvar>
   <setvar varname="que_score">
    0
   </setvar>
   <displayfeedback feedbackType="Response" linkrefid="0.25633141981150276_FB"></displayfeedback>
  </respcondition>
  <respcondition>
   <conditionvar>
    <varequal respident="8yADET1CEeyOSAo4cbiwew_RC">
     0.9509161254173135
    </varequal>
   </conditionvar>
   <setvar varname="que_score">
    1
   </setvar>
   <displayfeedback feedbackType="Response" linkrefid="0.9509161254173135_FB"></displayfeedback>
  </respcondition>
 </resprocessing>
 <itemfeedback ident="0.5518632127187941_FB">
  <material> 
   <mattext texttype="text/html"><![CDATA[<p>Focusing only on success stories produces a selection bias that makes AI appear as harmless and guaranteed to deliver success, which is misleading.</p>]]> 
   </mattext> 
  </material>
 </itemfeedback>
 <itemfeedback ident="0.8498331745632495_FB">
  <material> 
   <mattext texttype="text/html"><![CDATA[<p>Although a knife can cause harm, it is very obvious to the user how this could happen - that is not necessarily the case with an AI system . Even so, knife manufacturers make a number of safety modifications to their products, whereas tools that are even more dangerous/unpredictable than that are regulated. Overall, the inventor or engineer of a technology carries responsibility to create guardrails for appropriate use of their products, and cannot shed that responsibility away.</p>]]> 
   </mattext> 
  </material>
 </itemfeedback>
 <itemfeedback ident="0.2320450738814439_FB">
  <material></material>
 </itemfeedback>
 <itemfeedback ident="0.25739733779702245_FB">
  <material></material>
 </itemfeedback>
 <itemfeedback ident="0.0055710927526595455_FB">
  <material> 
   <mattext texttype="text/html"><![CDATA[<p>Although best practices and research are important contributors to responsible AI, we must still remain humble and pragmatic and recognise that we don't know how to build completely safe AI systems yet.</p>]]> 
   </mattext> 
  </material>
 </itemfeedback>
 <itemfeedback ident="0.7665524749874333_FB">
  <material> 
   <mattext texttype="text/html"><![CDATA[<p>Harm is not always intentional, and as a result a promise to do good is not something you can guarantee to keep. Doing the best you can is a better mindset to have, as it gives people space to admit when there has been a mistake or possibility of risk, and then minimise it. </p>]]> 
   </mattext> 
  </material>
 </itemfeedback>
 <itemfeedback ident="0.25633141981150276_FB">
  <material> 
   <mattext texttype="text/html"><![CDATA[<p>Although it is appropriate not to step out of your field of expertise when giving advice, engaging with other disciplines and society at large is very important in order to be a responsible professional. Try to participate in the debate and conversation, even if only by way of reading books and articles about this topic on a regular basis. </p>]]> 
   </mattext> 
  </material>
 </itemfeedback>
 <itemfeedback ident="0.9509161254173135_FB">
  <material></material>
 </itemfeedback>
</item>
   </section>
 </assessment>
</questestinterop>
      